id,320,480,640
00000,0.6837908790879088,0.7831683168316832,0.7999410655351249
00001,0.40515087223008006,0.5889844700650437,0.6187173717371736
00002,0.3707058205820582,0.3708230198019802,0.3771209978140671
00003,0.33548475741545053,0.36846239981140955,0.4102688934306965
00004,0.718976897689769,0.7340700498621291,0.7465270424101234
00005,0.7221266174236473,0.7702805280528052,0.7359449461429659
00006,0.7197631796618923,0.8007474419064401,0.8012151215121511
00007,0.7637811281128115,0.8163456345634563,0.8200990099009902
00008,0.7198751730011712,0.8038282756847112,0.8212652693840813
00009,0.6634947420474503,0.7106226505003442,0.7011500133529838
00010,0.7362503760223926,0.817008486562942,0.7672772277227723
00011,0.6652875095201828,0.8249917491749175,0.7914191419141914
00012,0.7973870601345849,0.7331384209849556,0.7873050620279419
00013,0.8518052351453632,0.8380363036303631,0.909604710471047
00014,0.7260039262495234,0.8396239161220922,0.8105065551957161
00015,0.8160806203773086,0.8810691444267014,0.8170338283828381
00016,0.8412105832431982,0.7444549602019025,0.7598906393102365
00017,0.8116187127433674,0.8542415544745963,0.8511551155115511
00018,0.7730981271204043,0.8788406259980837,0.8707213578500705
00019,0.8162458745874586,0.7581056188325599,0.7515621562156216
00020,0.8223479490806223,0.8287548491691272,0.8316171617161715
00021,0.5676628452318915,0.6059846398173652,0.652027345591702
00022,0.5412673478886351,0.6091429000042861,0.7191145689646363
00023,0.6010602107008731,0.7149086309729875,0.7299556258146823
00024,0.6950220168877674,0.643240511551155,0.7082053397647458
00025,0.6623724872487249,0.6953922315308454,0.749181346706099
00026,0.5872619464327384,0.7489852556684239,0.6881254227907263
00027,0.7888413363222337,0.8412706270627062,0.7940160605922343
00028,0.7707260726072608,0.8062405704856199,0.7777362928600551
00029,0.6414076503804227,0.7704082070441026,0.7073478978332616
00030,0.7318166102324517,0.8534203420342032,0.8121640881708736
00031,0.7397983036982976,0.7591893321700512,0.8623143911029757
00032,0.5734385230020977,0.6040065613704227,0.6627290127648613
00033,0.5200816968342796,0.6249944994499449,0.7523061056105611
00034,0.4138071115526821,0.534529582079087,0.5348078454823504
00035,0.594017887556747,0.7807367101178981,0.7221518419812158
00036,0.42386825017343366,0.4559703126906097,0.46259194160366257
00037,0.44961414523805315,0.5382520832728435,0.5921406151604172
00044,0.5796183464500296,0.7692244224422442,0.7245756718528996
00048,0.6759390423545832,0.7537468032517538,0.7626237623762377
00049,0.6864144271570015,0.7650265026502651,0.7655759861700459
00050,0.3508651579443659,0.43419382776787,0.5140839798265541
00051,0.5432718271827182,0.7357449316360207,0.6003069694192366
00052,0.5947473195929806,0.7734755618418985,0.682552267648162
00053,0.6328125562556256,0.6452695269526953,0.7152171890121343
00054,0.6362788778877888,0.7585323710942522,0.7089825393388791
00055,0.5176155115511551,0.5741680418041804,0.7309551543389632
00056,0.5773987336446187,0.6716348420556342,0.6494678217821783
00057,0.48047029702970295,0.6166336633663365,0.6639179632248939
00058,0.49463053448201955,0.5271594123698085,0.49082979726544085
00059,0.4289603960396039,0.7712910576771963,0.8431270627062706
00060,0.17700083086039697,0.366063721756791,0.40623435385013157
00061,0.23622733701941623,0.48187101903467666,0.505085508550855
00062,0.3387251435227556,0.4472853162991256,0.4893811881188118
00063,0.26224952852428096,0.36341711094186335,0.3778131384567028
00064,0.23845579294771585,0.41894628362450137,0.5049389563016451
00065,0.18961438726290208,0.27795508097321364,0.42632948023866424
00066,0.23010775940231387,0.23271492190427828,0.5027994711559067
00067,0.21576692740585723,0.32453719587388613,0.32926942197290177
00068,0.3230143954566396,0.3292461043763239,0.43213564213564215
00069,0.16184975640421181,0.29808896836472154,0.3711306503335993
00070,0.24212831997485465,0.3118117764157368,0.45050212164073544
00071,0.2690447378071141,0.4806557255336516,0.5945370575105484
00072,0.17277576964045607,0.34174917491749174,0.4012566900078877
00073,0.32122014336017163,0.45651372150789743,0.47965334182725483
00074,0.383920728270464,0.3967890396539187,0.39180496685914373
00075,0.422778095117204,0.40736022089325263,0.494124279030551
00076,0.47470240774077405,0.5519207738788584,0.5519592536176694
00077,0.42987134674058536,0.49903411984420953,0.5237340445867247
00078,0.3737695022184142,0.4779983297333056,0.5030888739972897
00079,0.28228927654670233,0.4736454709159549,0.5427910933082898
00080,0.409060548912034,0.5125895922925626,0.5920517051705171
00081,0.5077591014915445,0.646083608360836,0.6404290429042904
00082,0.44402718843312905,0.6191763373204283,0.6291872797827449
00083,0.3902007700770076,0.5570815215466091,0.5693088951752318
00084,0.436462429856431,0.4958062234794908,0.5761734506784012
00085,0.44995120024823,0.5149546502269274,0.571866549292292
00086,0.5205219410829972,0.48444303001728745,0.6253080308030804
00087,0.509206014586421,0.5993170150348368,0.6455108602965558
00088,0.5575742574257425,0.64994269756646,0.66022409306148
00089,0.577069778406412,0.5979611749994875,0.6032435999166719
00090,0.5259046440358321,0.6099209452962489,0.6370673756936133
00091,0.503574420628876,0.5721767176717671,0.579421130477103
00092,0.5009295143800094,0.5381893564356435,0.6110022325761988
00093,0.2972527810047014,0.3953944961540363,0.4542603846591556
00094,0.3543898987421962,0.4532769035832155,0.4443292197760809
00095,0.32105040861228973,0.5370538661008958,0.6039101052962438
00096,0.2331197595801351,0.28412270315590055,0.45387441653405486
00097,0.29781028995756714,0.403592882748866,0.44016800005893447
00098,0.19979962281942482,0.37279070818520066,0.4581482791136256
00099,0.20135400078469384,0.4253863215991928,0.424728132916041
00100,0.19070418404605605,0.2781045331990138,0.3657222881709255
00101,0.20862770957546883,0.2991857829399961,0.4274192211624966
00102,0.22763029088234907,0.2548688500274613,0.46095239698957957
00103,0.2270372561153174,0.2968565451277254,0.5332091514858132
00104,0.2118148600574343,0.4419974382397031,0.5871101925156963
00105,0.270031169783645,0.3171357089666258,0.2978696481745426
00106,0.2239320454601851,0.4289258705282293,0.27033189926135465
00107,0.3628346167950129,0.42070930902614073,0.42208470847084706
00108,0.2999848070350177,0.6293021697127695,0.514708167245296
00109,0.30389630979904714,0.6099404940494049,0.5933993399339934
00110,0.3526668500183352,0.4429242924292429,0.4080884913888214
00111,0.6725894927350954,0.7526705170517052,0.7433075450402183
00112,0.6258060219941409,0.6713698868183434,0.625654777016163
00148,0.4252475247524753,0.5010973597359736,0.6132838283828383
00149,0.5285148514851485,0.576878830740217,0.6041156448151018
00150,0.3746762764511746,0.4510780619567748,0.504960614516526
00151,0.39482615278334554,0.5286638361638363,0.5931622090780505
00152,0.34190502383571686,0.40200682156127704,0.4701670474739782
00153,0.3521039603960397,0.4344978783592645,0.4944301432022902
00154,0.3808311030989419,0.4145068083731451,0.47716750246453216
00155,0.3431793948625631,0.4001980198019802,0.45594153363300133
00156,0.3320513981096818,0.36561097999432046,0.36331181689597536
00157,0.3325908456230239,0.36653390718626516,0.4268100560056007
00158,0.3340342876085197,0.40005049955545013,0.4238544623693139
00159,0.3092424778192105,0.3496293122048283,0.44421174512637607
00160,0.28914427157001416,0.3083243098557348,0.37181785954405155
00161,0.3480952531323818,0.41924624987582365,0.3798366162835797
00162,0.3530984241712255,0.4136413641364136,0.433285978418951
00163,0.33865575019040367,0.42933244680813926,0.40261741558771263
00164,0.347666219740113,0.3899146801162442,0.40233583454499294
00165,0.31472196710621286,0.367790808821474,0.5365156966937655
00166,0.3489367686768676,0.4600044122952425,0.41316332067989403
00167,0.3678971647164716,0.4234709307327792,0.4195077932162964
00168,0.37721004243281475,0.3953369817231204,0.43045517862560845
00169,0.7829179073369521,0.8144625176803395,0.8690677890661108
00170,0.42746547860991657,0.4541758147963338,0.5844510155481938
00171,0.7038013003428003,0.7441407265726572,0.7827820835786841
00172,0.68350466056221,0.8943295800168252,0.8108901515151514
00173,0.5743340181194199,0.6995929592959296,0.7210318086887757
00174,0.5315228397839785,0.6866334669181202,0.7234693195537272
00175,0.5360795553239533,0.6282313767090995,0.678180693069307
00176,0.4987858964467875,0.6766148043375766,0.6862652817479551
00177,0.47152033609954397,0.5734205563413484,0.5701270127012701
00178,0.5841488956587966,0.6514860309560366,0.7446566085179946
00179,0.5471328382838284,0.6964285714285715,0.6790532899443791
00180,0.5452145214521453,0.6365736573657366,0.682324482448245
00181,0.37640044569557496,0.4705594557093765,0.6050542917162987
00182,0.4872206506364922,0.5777542754275428,0.6781765676567657
00183,0.5274466354198446,0.5752646693240753,0.619807005136604
00184,0.5746556689830473,0.6610383011985409,0.6466996699669967
00185,0.493003300330033,0.609054328509774,0.7029042904290429
00186,0.6820489548954894,0.7351047902409288,0.676861543297187
00187,0.5998162316231622,0.6945264710802878,0.6958102448900352
00188,0.695944402132521,0.7531824611032532,0.7956712635549269
00189,0.5437529467232438,0.6315126512651266,0.6805915633580165
00190,0.7141627496082941,0.671052438577191,0.7277758490134728
00191,0.640569306930693,0.7754810525695426,0.7599353685368536
00192,0.43819178346406074,0.6062022911474823,0.6226332923545816
00193,0.8239449906529114,0.8130259900990099,0.8107307873644507
00194,0.7944616336633663,0.8327764026402639,0.8206872451951077
00197,0.7367052330233022,0.7280790552956394,0.7443621477532367
00198,0.6543684038733544,0.8328547854785477,0.7530439651107967
00199,0.7459425630063005,0.757835337105139,0.6973436629377223
00200,0.621012870517821,0.6706209906704955,0.7560446243037001
00201,0.5292739273927393,0.570972811566871,0.5658887824266298
00202,0.5808492645194562,0.6454022709963303,0.6064228744303001
00203,0.41491835145760625,0.5861189237055574,0.6358521722712143
00204,0.656962481962482,0.698391713120892,0.7738215139247915
00205,0.4389666823825239,0.5967321171636262,0.6011230289695636
00206,0.6019000471475718,0.5676577025834452,0.7165118654722614
00207,0.49098302687411594,0.5412069778406412,0.575972872012476
00211,0.601075492164601,0.5866324485024315,0.5695017626762676
00212,0.37516592318572517,0.562088637435172,0.5672265440829798
00213,0.44896870044147275,0.4409298498531172,0.47114426246198515
00214,0.41150027502750275,0.4532001414427157,0.5903885254596888
00215,0.5933993399339935,0.6397139713971397,0.6296086751532296
00216,0.4996736340300696,0.6312156215621563,0.5469746974697469
00217,0.49262926292629255,0.4673267326732673,0.5591819896275341
00218,0.3401100110011001,0.3772045625615193,0.5787128712871287
00219,0.41993949394939495,0.5518951895189518,0.5578186381938336
00225,0.48182359611976483,0.5991406997842641,0.6667701001192556
00230,0.36306497876321714,0.5175830566249903,0.5613496963141692
00236,0.42985884345165054,0.6537745153825727,0.5313221765564439
00244,0.8999999999999998,0.9999999999999998,0.9999999999999998
00245,0.9999999999999998,0.9999999999999998,0.9999999999999998
00246,0.8999999999999998,0.8999999999999998,0.8999999999999998
00247,0.8999999999999998,0.8999999999999998,0.7999999999999999
00248,0.9999999999999998,0.9499999999999998,0.8999999999999998
00249,0.8999999999999998,0.8999999999999998,0.9999999999999998
00250,0.8999999999999998,0.7999999999999999,0.8999999999999998
00251,0.7,0.7999999999999999,0.7999999999999999
00252,0.8999999999999998,0.9999999999999998,0.8999999999999998
00253,0.9999999999999998,0.8999999999999998,0.8999999999999998
00254,0.7,0.8999999999999998,0.9333333333333332
00255,0.7999999999999999,0.8999999999999998,0.8999999999999998
00256,0.8999999999999998,0.8999999999999998,0.8999999999999998
00257,0.8999999999999998,0.8999999999999998,0.7999999999999999
00258,0.9999999999999998,0.8999999999999998,0.8999999999999998
00259,0.7999999999999999,0.7999999999999999,0.7999999999999999
00260,0.8999999999999998,0.9499999999999998,0.9999999999999998
00261,0.8999999999999998,0.8999999999999998,0.8999999999999998
00262,0.8999999999999998,0.8999999999999998,0.8999999999999998
00263,0.8999999999999998,0.9499999999999998,0.9999999999999998
00264,0.7999999999999999,0.8999999999999998,0.9499999999999998
00265,0.9999999999999998,0.8999999999999998,0.8999999999999998
00266,0.8999999999999998,0.8999999999999998,0.8999999999999998
00267,0.8999999999999998,0.8999999999999998,0.8999999999999998
00268,0.7,0.7999999999999999,0.8999999999999998
00269,0.8999999999999998,0.9499999999999998,0.8999999999999998
00270,0.9999999999999998,0.8999999999999998,0.9999999999999998
00271,0.8999999999999998,0.9999999999999998,0.8999999999999998
00272,0.7,0.7999999999999999,0.7999999999999999
00273,0.7999999999999999,0.8333333333333333,0.7999999999999999
00274,0.8009900990099009,0.9009900990099009,0.8504950495049505
00275,0.9,0.8504950495049505,0.9504950495049505
00276,1.0,0.9,0.8752475247524754
00277,0.8252475247524753,1.0,0.9504950495049505
00278,0.8504950495049505,1.0,0.8504950495049505
00279,0.700990099009901,0.7504950495049505,0.8257425742574258
00280,0.7504950495049505,0.8504950495049505,0.9
00281,0.8702970297029703,0.8009900990099009,0.8504950495049505
00282,0.7834983498349836,0.8514851485148514,0.9009900990099009
00283,0.9252475247524753,1.0,0.9168316831683168
00284,0.9,0.8504950495049506,0.9
00285,0.801980198019802,0.7762376237623763,0.8009900990099009
00286,0.4544554455445543,0.4039603960396039,0.4544554455445543
00287,0.9,1.0,0.9504950495049505
00288,0.9,0.9,0.8631188118811881
00289,0.8,0.8,0.8252475247524753
00290,0.8504950495049505,0.9,0.9
00291,1.0,0.9252475247524753,0.8252475247524753
00292,0.6504950495049504,0.7378712871287129,0.6757425742574257
00293,0.9504950495049505,0.9,0.9
00294,0.9252475247524753,0.9,0.9
00295,0.9504950495049505,0.9504950495049505,1.0
00296,0.9,0.8514851485148514,0.9504950495049505
00297,0.6207920792079208,0.9,0.8252475247524753
00298,0.6883663366336633,0.8504950495049506,0.9009900990099009
00299,0.9168316831683168,0.9009900990099009,0.9168316831683168
00300,0.8252475247524753,0.9009900990099009,0.9504950495049505
00301,0.9,0.8504950495049505,0.9
00302,0.7673267326732673,0.8504950495049505,0.8009900990099009
00303,0.8252475247524753,0.8504950495049505,0.8504950495049505
00304,1.0,0.9504950495049505,0.9168316831683168
00305,0.8009900990099009,0.8504950495049505,0.833993399339934
00306,0.9504950495049505,0.9,0.8752475247524754
00307,0.8834983498349835,0.9,0.9504950495049505
00308,0.8504950495049505,0.9,0.8252475247524753
00309,0.8450495049504951,0.9,1.0
00310,0.8504950495049505,0.9,0.9
00311,0.700990099009901,0.8252475247524753,0.8009900990099009
00312,0.8009900990099009,0.8009900990099009,0.8168316831683168
00313,0.8252475247524753,0.9,0.8
00314,0.8,0.9504950495049505,0.95
00315,0.9,0.9,0.9168316831683168
00316,0.9504950495049505,0.9,0.9252475247524753
00317,0.9009900990099009,0.7504950495049505,0.9009900990099009
00318,0.7757425742574257,0.8252475247524753,0.9
00319,0.8504950495049505,1.0,1.0
00320,1.0,0.9834983498349835,0.7683168316831683
00321,0.9009900990099009,0.8252475247524753,0.833993399339934
00322,0.9,0.9834983498349835,1.0
00323,0.9,0.9009900990099009,0.9504950495049505
00335,0.7999999999999999,0.7999999999999999,0.75
00336,0.8999999999999998,0.9999999999999998,0.8999999999999998
00337,0.7999999999999999,0.8999999999999998,0.8999999999999998
00338,0.7,0.8999999999999998,0.7
00339,0.7999999999999999,0.8999999999999998,0.8999999999999998
00340,0.5999999999999999,0.7999999999999999,0.8999999999999998
00341,0.65,0.7999999999999999,0.7999999999999999
00342,0.7999999999999999,0.85,0.8999999999999998
00343,0.8999999999999998,0.9999999999999998,0.9999999999999998
00344,0.8999999999999998,0.8999999999999998,0.8999999999999998
00345,0.8999999999999998,0.9999999999999998,0.8999999999999998
00346,0.9999999999999998,0.8999999999999998,0.9999999999999998
00347,0.8999999999999998,0.8999999999999998,0.8999999999999998
00348,0.8999999999999998,0.8999999999999998,0.8999999999999998
00349,0.8999999999999998,0.8999999999999998,0.8999999999999998
00350,0.8999999999999998,0.8999999999999998,0.8999999999999998
00351,0.7999999999999999,0.7999999999999999,0.7999999999999999
00352,0.9999999999999998,0.8999999999999998,0.8999999999999998
00353,0.8999999999999998,0.9999999999999998,0.8999999999999998
00354,0.8999999999999998,0.8999999999999998,0.7999999999999999
00355,0.8999999999999998,0.9999999999999998,0.9999999999999998
00356,0.9999999999999998,0.9999999999999998,0.9999999999999998
00357,0.8999999999999998,0.8999999999999998,0.8999999999999998
00358,0.8999999999999998,0.8999999999999998,0.9999999999999998
00359,0.8999999999999998,0.8999999999999998,0.8999999999999998
00360,0.8999999999999998,0.9999999999999998,0.9999999999999998
00361,0.9999999999999998,0.9999999999999998,0.9999999999999998
00362,0.8999999999999998,0.8999999999999998,0.8999999999999998
00363,0.9999999999999998,0.9999999999999998,0.8999999999999998
00364,0.8999999999999998,0.8999999999999998,0.9999999999999998
00365,0.8999999999999998,0.8999999999999998,0.9999999999999998
00366,0.85,0.8999999999999998,0.8999999999999998
00367,0.9999999999999998,0.8999999999999998,0.8999999999999998
00368,0.8999999999999998,0.8999999999999998,0.8999999999999998
00369,0.8999999999999998,0.7999999999999999,0.7999999999999999
00370,0.8999999999999998,0.8999999999999998,0.9999999999999998
00371,0.7999999999999999,0.85,0.8999999999999998
00372,0.7999999999999999,0.85,0.8999999999999998
00373,0.7999999999999999,0.9999999999999998,0.9999999999999998
00374,0.8999999999999998,0.8999999999999998,0.8999999999999998
00375,0.7999999999999999,0.85,0.8999999999999998
00376,0.8999999999999998,0.9999999999999998,0.8999999999999998
00377,0.8999999999999998,0.8999999999999998,0.9999999999999998
00378,0.7999999999999999,0.7999999999999999,0.7999999999999999
00379,0.8999999999999998,0.8999999999999998,0.8999999999999998
00380,0.7,0.7999999999999999,0.7999999999999999
00381,0.7999999999999999,0.7999999999999999,0.7999999999999999
00382,0.8999999999999998,0.8999999999999998,0.9999999999999998
00383,0.85,0.8999999999999998,0.8999999999999998
00384,0.8999999999999998,0.8999999999999998,0.8999999999999998
00385,0.8999999999999998,0.7999999999999999,0.8999999999999998
00386,0.7034768387553041,0.7683889050669774,0.8095773038842347
00387,0.6793363979255069,0.740071507150715,0.5020714571457146
00390,0.7851255105777987,0.8151520072821761,0.7554381015024578
00392,0.826023102310231,0.8682539682539682,0.8136457066759307
00393,0.7572410812509821,0.7948944894489447,0.7686523652365236
00396,0.7627055562699127,0.7829867986798679,0.7657048561999056
00397,0.6496463932107497,0.7999999999999999,0.881023102310231
00398,0.8778877887788777,0.8775577557755775,0.8551155115511552
00399,0.7009900990099008,0.6732398239823981,0.7418151815181516
00407,0.7958195819581958,0.8295379537953794,0.7916882457476516
00408,0.6154290429042905,0.7698514851485148,0.744021325209444
00409,0.3576153151029389,0.5486767248153387,0.5539053905390539
00410,0.33623134749372374,0.4770775648993471,0.5524929576290962
00411,0.368440594059406,0.5025628424911458,0.5146576562418147
00412,0.4064851485148515,0.5262376237623761,0.5745874587458747
00413,0.4666417832259417,0.6585093509350936,0.626924148458802
00414,0.4100632563256325,0.5648184818481848,0.48747928364264986
00415,0.5973354177523015,0.7579845984598458,0.6893087642097543
00416,0.4877123069449802,0.5326213802661721,0.49692799125497983
00417,0.5033798398636855,0.6480033251445446,0.6788782054497243
00418,0.46825562043383817,0.6058745874587458,0.6446880402325946
00419,0.4208910891089109,0.48595002357378597,0.5054691183404055
00420,0.4411907690211607,0.6446185900102616,0.7725742574257426
00421,0.6619096882215693,0.7891253200950348,0.8133781235266383
00422,0.49838121632676086,0.661721140601455,0.6254345434543453
00423,0.4399185394729949,0.6221018608071986,0.6480225315764659
00424,0.46743510137388844,0.6771606428935576,0.6133764386867431
00425,0.5508498590454406,0.4509956756044268,0.4523725046497324
00426,0.3826344925132908,0.4144327051752794,0.43388628336517865
00427,0.49101650111651957,0.49959201634449163,0.4672071926003201
00428,0.4694118642633494,0.566487898789879,0.6132956152758133
00429,0.6374977735868825,0.6698915605846298,0.7264741474147414
00430,0.556056105610561,0.6066996699669966,0.6494049404940494
00431,0.613199278374293,0.7424657330597925,0.729216699838998
00432,0.5956800686272101,0.7181294283274482,0.6749996826605738
00433,0.76998041562398,0.7972035471024305,0.8280410183875531
00434,0.7218293257897218,0.8443894389438944,0.815363842775255
00435,0.6855514301430143,0.795845709570957,0.8174478162101926
00436,0.7213564852725873,0.7655221593587931,0.7915480003149817
00437,0.5911315417256012,0.6518101810181017,0.7609712729514709
00438,0.5905540554055406,0.6052805280528053,0.7152915291529154
00439,0.5459845984598459,0.6124092409240924,0.7367136713671368
00440,0.6283819671559917,0.676628717493598,0.6659155754285107
00441,0.7009787448724168,0.7450997201368489,0.7142202057734378
00442,0.6901088323118026,0.7557995799579958,0.7369989667275431
00443,0.5063806380638063,0.5969306930693069,0.6030528052805281
00444,0.5438760542720938,0.6519068775009369,0.6230803117905775
00445,0.562974573672201,0.6724754856438024,0.658547953792873
00446,0.6723322332233224,0.7199224684373199,0.6883349049190634
00447,0.5904386688668867,0.692035203520352,0.6749862486248626
00448,0.6265199377080565,0.6532989474062614,0.717899212998223
00449,0.5600717035989313,0.7366650950809367,0.7389713971397139
00450,0.555038503850385,0.665951595159516,0.6665602744484976
00451,0.7964717900361465,0.9056105610561055,0.8466446644664467
00452,0.7919141914191418,0.8170517051705172,0.7953351104341202
00453,0.5289957567185289,0.6203961843552777,0.6065001752276067
00454,0.587714653818323,0.6039711579853638,0.6224244880628413
00455,0.583991899189919,0.6730021216407356,0.7634488448844884
00456,0.43436586515794434,0.6429042904290427,0.6008910891089108
00457,0.4482948294829483,0.6204033736707003,0.7274024461269656
00458,0.4713751375137514,0.5919306930693069,0.6638613861386139
00459,0.4758965896589659,0.5793411203865485,0.6204066990549987
00460,0.5038189533239038,0.5407040704070406,0.6205659454834372
00461,0.4211236529815447,0.5951974925999387,0.5257906711723804
00462,0.46637602670041445,0.6743869002284844,0.6206202323529056
00463,0.48296479647964796,0.6409125198234109,0.5931310750122631
00464,0.39372550945570745,0.5454745117368879,0.5211290118558894
00465,0.6366611661166116,0.65010167683435,0.5981140971239981
00466,0.3966230551626591,0.621447752760757,0.697150715071507
00467,0.3726735173517351,0.5552765990884803,0.47308945180232304
00468,0.3887339028020449,0.569079312693174,0.5856354243482955
00469,0.4732987584472732,0.5206522080779507,0.6602460246024603
00470,0.48420242024202415,0.5251100110011001,0.545874587458746
00471,0.5047854785478548,0.7106435643564356,0.5841377887788779
00472,0.4439886845827441,0.5266254125412541,0.6203215706186003
00473,0.4574532453245325,0.6046259625962597,0.5371177117711771
00474,0.6516831683168317,0.6067986798679867,0.6022909790979097
00475,0.5292705461022291,0.6643564356435643,0.6462412907957462
00476,0.44038870553722037,0.6509350935093509,0.537953795379538
00477,0.5343234323432343,0.6003116978364502,0.5486033603360336
00478,0.6552475247524752,0.7939356435643564,0.7438943894389438
00479,0.6646452145214522,0.661200495049505,0.6794141914191419
00480,0.5496039603960395,0.5464482162501965,0.5584125412541254
00481,0.46389783188845196,0.5964989150013902,0.6321652314957633
00482,0.49925753767759906,0.5744615131609301,0.751490434394118
00483,0.4464779086604313,0.5804376457181738,0.6542991332100243
00484,0.6867161716171618,0.6789721829325789,0.6354125412541254
00485,0.6106587654138461,0.7445576177075836,0.8112937074438341
00486,0.42818546560538406,0.6380858085808581,0.5703630363036303
00487,0.5416530664055416,0.6285478547854785,0.6806480648064807
00488,0.7356660666066606,0.8378465346534654,0.7547600913937551
00489,0.2749065620847799,0.36502062706270627,0.3625620952663031
00490,0.3110970702333391,0.4403255801770653,0.41759135716926227
00491,0.38373723086594375,0.591370049703383,0.5837207264682512
00492,0.3827355949880702,0.5392605689140343,0.5274352435243524
00493,0.45946094609460936,0.7016753103881817,0.6466998944792437
00494,0.5367436743674366,0.5946497983131646,0.5742464246424642
00495,0.3883553355335534,0.5140261946362702,0.5641562906290628
00496,0.5729700890257093,0.7478304616175903,0.751798057164207
00501,0.5988401697312589,0.631023102310231,0.5669416941694169
00502,0.3736317381738174,0.39447829398324447,0.5217161716171617
00503,0.3931793179317932,0.5287128712871286,0.6421499292786421
00504,0.36301253624327234,0.39385313531353133,0.5233094738045233
00505,0.4146452145214521,0.5796349961919269,0.6574862486248626
00506,0.4802663535584328,0.5337919506236337,0.5657001414427157
00507,0.3854044368022236,0.48978683284995156,0.6430603599036913
00508,0.5749410655351249,0.6105622579064629,0.6928800232964472
00509,0.6981348747820189,0.8283003300330034,0.8225879730830226
00510,0.7070392039203919,0.8326141364136412,0.8467120462046205
00511,0.7675401374723938,0.8049161166116612,0.7259973586644377
00512,0.627961702420242,0.7116378651527167,0.7265759398975995
00513,0.672750530692167,0.7058663366336634,0.7503756188688777
00514,0.7219452989254969,0.7587391239123913,0.7512845042300487
00515,0.6798090523338048,0.7728194247996227,0.7471111396853971
00516,0.765275133282559,0.8023597359735973,0.8332095709570956
00517,0.8381188118811881,0.8541489863272043,0.8547029702970297
00518,0.7016845434543453,0.7998349834983498,0.8190652993870815
00519,0.6602663837812353,0.759135317943559,0.8362234794908061
00520,0.7329414191419141,0.7872829674271775,0.7950114242193449
00521,0.7219194419441943,0.7547131856042748,0.7521555280528052
00522,0.6921947194719471,0.7205594303272691,0.7196401370906321
00523,0.6499999999999999,0.7004750863017336,0.7141570510434502
00524,0.6230774267902981,0.6643592690312987,0.589409476661952
00525,0.7285454974068837,0.7906694955209808,0.7661895071494729
00526,0.7529496699669967,0.7405875455966648,0.7790499049904991
00527,0.45998712508613493,0.6201418053893302,0.5996857185718572
00528,0.6897937293729373,0.7896452145214522,0.7379363829240067
00529,0.5413572607260726,0.5580520425992179,0.6315419336051251
00530,0.6708788342069503,0.7346863666688672,0.7678217821782178
00531,0.6842986798679868,0.7569331658440569,0.7941006980882419
00532,0.7552692769276929,0.8337811078405137,0.8241257298806803
00533,0.8260767326732674,0.8261033456286806,0.8505775577557756
00534,0.7953082808280827,0.8502887788778878,0.880021216407355
00535,0.7499504950495051,0.7853720698156772,0.7567056705670566
00536,0.7854409960226791,0.8009523067691384,0.8191831683168316
00537,0.6636963696369637,0.7180339462517681,0.742665053772458
00538,0.6498742637421637,0.6993511228199232,0.7454052071873855
00539,0.5571784241705717,0.5851748089704714,0.6381326771393494
00540,0.6762395096652523,0.7338065933771079,0.7228053130545898
00541,0.7737140380704737,0.7994224422442244,0.8080940594059405
00542,0.7970609992033686,0.874092409240924,0.8653465346534653
00543,0.7776162290142057,0.8113201320132013,0.8762211221122111
00544,0.73010372465818,0.8273927392739272,0.8261183916800168
00545,0.7088165959453088,0.7577086280056575,0.7638054850653131
00546,0.6280586987270156,0.7501544082979725,0.8151739866294322
00547,0.7222933595880596,0.760872064097166,0.8039650105563552
00548,0.7707290729072906,0.8177011255526676,0.8192644978783594
00549,0.6654172560113154,0.7618458274398868,0.8551842076790801
00550,0.6841266667875578,0.7248153943503084,0.7873858460363878
00551,0.746491256268484,0.7819965925163945,0.758808134508032
00552,0.7043087642097543,0.7446369636963697,0.7404249635489866
00553,0.8088033583578138,0.8640354392582116,0.8215935879302216
00554,0.7830871952741492,0.8235459919618335,0.8294709498422371
00555,0.762835864413509,0.7946789143200034,0.8222292943580073
00556,0.7089557639974524,0.76744813767091,0.7026582397693864
00557,0.5601184364126068,0.7096334276284771,0.6447650479333646
00558,0.7848597359735974,0.8207095709570955,0.8071074964639319
00583,0.811056105610561,0.9039603960396038,0.8118340405469118
00601,0.6287393809109911,0.7659362259755388,0.7869342840877493
00602,0.5961047563325153,0.669000471475719,0.7044382185471294
00612,0.768069306930693,0.8596181046676097,0.7885148514851485
00613,0.8528877887788779,0.8333451202263081,0.8782178217821782
00614,0.720957095709571,0.7512093352192362,0.7980074257425742
00615,0.8186963696369636,0.8930820005077431,0.9032343234323432
00616,0.7287798450174687,0.8166999594696311,0.7529463053448202
00617,0.6900030003000299,0.8559405940594059,0.8460442805414146
00618,0.8881188118811881,0.8700757575757576,0.8594059405940594
00619,0.8363036303630363,0.8975522552255225,0.8660891089108911
00620,0.7505068363979255,0.8602722772277227,0.8766030174446016
00621,0.8188118811881188,0.8076526402640265,0.8935643564356435
00622,0.7204440979812268,0.7893092880716643,0.8250825082508251
00623,0.7879537953795379,0.8623762376237623,0.8594059405940594
00624,0.7646864686468646,0.8474893917963224,0.8419613389910419
00625,0.7842503536067894,0.833003300330033,0.8818481848184818
00626,0.7561193619361937,0.8351650165016502,0.8355940594059406
00627,0.7204717530576586,0.7859559170202735,0.8678217821782177
00628,0.8365552805280527,0.8809405940594061,0.9082508250825083
00630,0.7080427250869883,0.7795379537953797,0.7888426342634265
00632,0.6981235921211167,0.6766707920792079,0.7414082617052915
00633,0.7629125412541254,0.7160648417782955,0.7784749724972497
00634,0.6931971049548564,0.7093625171630463,0.7778013688339007
00635,0.7644813767090994,0.8142244224422441,0.7766460396039603
00636,0.7027687411598302,0.7883113311331134,0.8029290429042905
00637,0.673468459483311,0.7686411525767961,0.7636290283440108
00638,0.5767725423641265,0.6982698984184132,0.642570207020702
00639,0.5982626322977125,0.6670902090209021,0.7085058810162648
00640,0.6496485438017485,0.6766397408971666,0.736100895803866
00641,0.5770328432457146,0.7060014486471687,0.7236538411097022
00642,0.5569405940594059,0.6503990958102022,0.6720857961736024
00643,0.25247524752475237,0.25247524752475237,0.6524752475247524
00644,0.23316831683168315,0.21548797736916545,0.35336633663366335
00645,0.2747524752475248,0.30967596759675964,0.5163366336633664
00646,0.22524752475247523,0.3705670567056706,0.41732673267326725
00647,0.29026874115983026,0.34255657708628007,0.37846534653465347
00648,0.22458745874587457,0.2865346534653465,0.35
00649,0.40752475247524744,0.5455445544554455,0.5351935193519352
00650,0.5215841584158416,0.5698341262697698,0.6938793879387939
00651,0.5812107681356371,0.6058823529411765,0.7469846984698469
00652,0.4897689768976898,0.5284728472847284,0.6514851485148515
00653,0.6068442558541568,0.6355574687903572,0.7535478547854784
00654,0.5306105610561056,0.6206423856671381,0.7316988841741316
00655,0.8653465346534654,0.8990099009900989,0.9018151815181519
00656,1.0,1.0,1.0
00657,1.0,1.0,1.0
00658,0.910891089108911,0.9442244224422442,0.95
00659,1.0,0.9663366336633663,0.9554455445544555
00660,0.8990099009900989,0.9326732673267326,0.8990099009900989
00661,0.9326732673267326,0.9242574257425742,0.9554455445544555
00662,0.8579207920792079,0.8394059405940594,0.6217821782178218
00663,0.7284653465346536,0.7574257425742574,0.7657590759075907
00664,0.95,0.95,0.95
00665,0.8752475247524751,0.95,0.8999999999999999
00666,0.8831683168316831,0.8934405940594059,0.95
00667,0.8762376237623762,0.9257425742574258,0.9504950495049505
00668,0.8495049504950494,0.85,0.85
00669,0.7626237623762375,0.75,0.8
00670,0.7558698727015558,0.8262376237623761,0.7811193619361936
00674,0.9752475247524753,1.0,0.9128712871287128
00675,0.8481848184818481,0.9458745874587459,0.9202970297029702
00676,0.7211221122112212,0.7947194719471946,0.7722772277227723
00677,0.6497387238723872,0.7490511551155116,0.7551516993804642
00678,0.5291817276965791,0.6634973021111635,0.6990503131945847
00679,0.5282822361183487,0.5457851279633458,0.7596128660485096
00680,0.5423724295506475,0.5395517051705171,0.4733651579443659
00681,0.4110503550355036,0.671947194719472,0.7261283271184262
00682,0.44536153615361534,0.6839239327158522,0.6336023102310231
00683,0.22818481848184816,0.3600464490893534,0.41952145214521447
00684,0.31163366336633663,0.6300932474199801,0.5941914191419142
00685,0.4126025972162433,0.6819817696055318,0.7289643250039289
00686,0.23803028262009876,0.4215270574676515,0.5186798679867987
00687,0.29561056105610567,0.6177265803503427,0.5929472471056628
00688,0.4249680897576937,0.6127194379669628,0.7822765185064234
00689,0.6584394153701085,0.7049752475247524,0.732549504950495
00690,0.5207965796579658,0.6066383781235266,0.5769801980198019
00691,0.40579915134370576,0.4757190004714756,0.5971084608460845
00692,0.38070913486697505,0.5924497449744974,0.47052342429364885
00693,0.3627913981874378,0.5633663366336634,0.5382349159285676
00694,0.5018707159177456,0.5551252184041933,0.7023244824482449
00695,0.4913743998788672,0.63850195037195,0.6780870999227249
00696,0.486874642178744,0.4549650437967131,0.49595011424219343
00697,0.5778951410785027,0.6626891365429762,0.6730251172890569
00698,0.3871647372444011,0.41781051275363373,0.3573458616466042
00699,0.4866831683168315,0.6032021478009871,0.3872928702638107
00700,0.5176709099481377,0.5803168316831684,0.6032570493891495
00701,0.4856995369866658,0.689232673267327,0.7447359735973598
00702,0.5913641364136414,0.6318354912414319,0.6833404516922281
00703,0.36239181466702763,0.5650573628791451,0.44800644350149305
00704,0.5079125412541254,0.603905328315637,0.5303213892817853
00705,0.3265662619616502,0.39788937749406594,0.4896289819199312
00706,0.4735643564356436,0.601823036903425,0.6259567616425508
00707,0.4259175917591759,0.37946532840097197,0.4770310224342271
00708,0.5281793179317932,0.5816467800626216,0.6939421722425525
00732,0.5999999999999999,0.85,0.7999999999999999
00733,0.8999999999999998,0.7999999999999999,0.9999999999999998
00734,0.8999999999999998,0.9999999999999998,0.8999999999999998
00735,0.9999999999999998,0.9999999999999998,0.8999999999999998
00736,0.5999999999999999,0.8999999999999998,0.9999999999999998
00737,0.65,0.7999999999999999,0.9499999999999998
00738,0.7999999999999999,0.5999999999999999,0.7999999999999999
00739,0.8999999999999998,0.7999999999999999,0.8999999999999998
00740,0.7,0.7999999999999999,0.8999999999999998
00741,0.8999999999999998,0.9999999999999998,0.8999999999999998
00742,0.85,0.9999999999999998,0.85
00743,0.5999999999999999,0.8999999999999998,0.8999999999999998
00744,0.425,0.4999999999999999,0.4999999999999999
00745,0.7999999999999999,0.7,0.7999999999999999
00746,0.39999999999999997,0.7999999999999999,0.5999999999999999
00747,0.2,0.0,0.01428571428571428
00748,0.29999999999999993,0.0,0.0
00749,0.55,0.6222222222222221,0.65
00750,0.39999999999999997,0.4999999999999999,0.39999999999999997
00751,0.20000000000000004,0.5,0.7
00752,0.7999999999999999,0.7999999999999999,0.7999999999999999
00753,0.5999999999999999,0.7,0.43999999999999995
00754,0.8999999999999998,0.8999999999999998,0.9999999999999998
00755,0.4999999999999999,0.7999999999999999,0.7
00756,0.75,0.8999999999999998,0.9999999999999998
00757,0.9999999999999998,0.8999999999999998,0.7999999999999999
00758,0.7,0.7,0.7999999999999999
00759,0.8999999999999998,0.8999999999999998,0.7999999999999999
00760,0.39999999999999997,0.7999999999999999,0.7
00761,0.5999999999999999,0.82,0.7999999999999999
00763,0.8999999999999998,0.8999999999999998,0.9999999999999998
00764,0.7999999999999999,0.825,0.7999999999999999
00765,0.7999999999999999,0.7999999999999999,0.7
00766,0.7999999999999999,0.7,0.7999999999999999
00767,0.85,0.8999999999999998,0.8999999999999998
00768,0.75,0.7999999999999999,0.7999999999999999
00769,0.7999999999999999,0.7,0.7999999999999999
00770,0.8999999999999998,0.8999999999999998,0.8999999999999998
00771,0.8999999999999998,0.8999999999999998,0.8999999999999998
00772,0.7999999999999999,0.9999999999999998,0.7999999999999999
00773,0.8999999999999998,0.9999999999999998,0.8999999999999998
00774,0.8999999999999998,0.9999999999999998,0.9999999999999998
00775,0.8999999999999998,0.8999999999999998,0.9999999999999998
00776,0.7999999999999999,0.9999999999999998,0.9999999999999998
00825,0.7217821782178218,0.8158415841584159,0.8158415841584159
00826,0.8336633663366337,0.8579207920792079,0.8773927392739275
00827,0.8326732673267326,0.9168316831683168,0.9442244224422442
00828,0.7500825082508251,0.8554455445544555,0.8442244224422442
00829,0.8663366336633663,0.8336633663366337,0.9112211221122113
00830,0.9112211221122113,0.8526402640264026,0.8663366336633663
00831,0.7884488448844884,0.8663366336633663,0.9663366336633663
00832,0.7925035360678925,0.7554455445544555,0.8
00833,0.8112211221122113,0.8242574257425742,0.7495049504950495
00834,0.7754832626119754,0.7,0.8
00835,0.6625962596259626,0.9,0.8442244224422442
00836,0.8326732673267326,0.8574917491749174,0.9168316831683168
00837,0.7336633663366336,0.8326732673267326,0.8663366336633663
00838,0.7663366336633664,0.8,0.7168316831683168
00839,0.9336633663366337,0.8,0.8445544554455446
00840,0.9663366336633663,0.7915841584158416,0.9
00841,0.6495049504950495,0.6386138613861386,0.7168316831683168
00842,0.5663366336633663,0.5989108910891089,0.6394389438943895
00843,0.5790016501650165,0.6663366336633663,0.7972772277227723
00844,0.7336633663366336,0.8,0.6326732673267326
00845,0.6108910891089109,0.7798019801980198,0.7224422442244224
00846,0.5687128712871286,0.7026402640264027,0.6778877887788779
00847,0.7663366336633664,0.8990099009900989,0.8663366336633663
00848,0.6663366336633664,0.738943894389439,0.7707590759075907
00849,0.5891089108910891,0.7891089108910891,0.7884488448844884
00850,0.6212164073550213,0.6666666666666666,0.5885148514851485
00851,0.5221122112211221,0.6130693069306931,0.7673267326732673
00852,0.4673267326732673,0.6428217821782178,0.7159358793022159
00853,0.7524752475247524,0.8009900990099009,0.7252475247524752
00854,0.4854235423542354,0.4214521452145215,0.7158415841584158
00855,0.4762376237623762,0.6230693069306931,0.7874037403740374
00856,0.3913012729844413,0.7141584158415842,0.7663366336633664
00857,0.5475247524752476,0.5726072607260726,0.6663366336633663
00858,0.8554455445544555,0.9326732673267326,0.8445544554455446
00859,0.5316831683168317,0.5501650165016502,0.7442244224422442
00860,0.9112211221122113,0.8002970297029703,0.8326732673267326
00861,0.8663366336633663,0.8328995756718529,0.8554455445544555
00862,0.9,0.8663366336633663,0.8663366336633663
00863,0.8442244224422442,0.8317774634606317,0.8117986798679869
00864,0.8567656765676567,0.810891089108911,0.8445544554455446
00896,0.8168316831683168,0.8504950495049505,0.7514851485148515
00897,0.8252475247524753,0.8,0.9
00898,0.8168316831683168,0.9,0.9
00899,0.9009900990099009,0.8504950495049505,0.8504950495049506
00900,0.9,0.7757425742574257,0.8504950495049505
00901,0.7613861386138614,0.9009900990099009,0.8702970297029703
00902,0.8009900990099009,0.7757425742574257,0.8009900990099009
00903,0.7641089108910891,0.9,0.9504950495049505
00904,0.8,0.9,0.8504950495049505
00905,0.8,0.7646393210749646,0.8252475247524753
00906,0.8514851485148514,0.9,0.8504950495049506
00907,0.8514851485148514,0.8514851485148514,0.9252475247524753
00908,0.8009900990099009,0.7757425742574257,0.9
00909,0.801980198019802,0.8504950495049506,0.8514851485148514
00910,0.8009900990099009,0.8504950495049506,0.7937293729372936
00911,0.9009900990099009,0.9252475247524753,1.0
00912,0.8,0.9,0.8504950495049505
00913,0.9168316831683168,0.9,0.9252475247524753
00914,0.9252475247524753,1.0,0.9504950495049505
00915,0.9,0.9252475247524753,0.9504950495049505
00916,0.9252475247524753,0.9252475247524753,0.9252475247524753
00917,0.9,0.91009900990099,0.9
00918,0.9,0.9252475247524753,0.9168316831683168
00919,0.8504950495049505,0.9504950495049505,0.9
00920,0.8514851485148514,0.9,0.9126237623762377
00921,0.7504950495049505,0.8504950495049505,0.9252475247524753
00922,0.9252475247524753,0.9,0.9168316831683168
00923,0.9,0.9,0.9504950495049505
00924,0.9174917491749175,0.9009900990099009,0.933993399339934
00925,0.7504950495049505,0.9009900990099009,0.8009900990099009
00926,0.8,0.8252475247524753,0.9
00927,0.7514851485148515,0.8504950495049505,0.842079207920792
00928,0.8252475247524753,0.9,0.9252475247524753
00929,0.8,0.8009900990099009,0.8504950495049505
00930,0.7514851485148515,0.9168316831683168,0.9
00931,0.7252475247524752,0.7504950495049505,0.8252475247524753
00932,0.8,0.8834983498349835,0.8
00933,0.7252475247524752,0.7252475247524752,0.8151343705799151
00934,0.7504950495049505,0.8,0.8504950495049505
00935,0.5677227722772277,0.5765526552655265,0.6811881188118812
00936,0.8673267326732674,0.8891089108910892,0.910891089108911
00937,0.9554455445544555,0.95,0.9663366336633663
00938,0.8554455445544555,0.9331683168316832,1.0
00939,0.9336633663366337,0.9554455445544555,0.9663366336633663
00940,0.8884488448844884,0.9331683168316832,0.9331683168316832
00941,0.8,0.8057197258187356,0.9
00942,0.599009900990099,0.6106435643564356,0.698019801980198
00943,0.9168316831683168,0.9170792079207921,0.9554455445544555
00944,0.7794059405940594,0.931089108910891,0.9067326732673268
00945,0.8884488448844884,0.9,0.8884488448844884
00946,0.910891089108911,0.9663366336633663,0.9442244224422442
00947,0.9336633663366337,0.9265346534653466,0.9554455445544555
00948,1.0,0.9915841584158416,0.9663366336633663
00949,0.8831683168316831,0.9442244224422442,0.9554455445544555
00950,0.7382838283828382,0.8445544554455446,0.8663366336633663
00951,0.9,0.9,0.8666666666666668
00952,0.8819801980198021,0.9112211221122113,0.9554455445544555
00953,0.9,0.9663366336633663,1.0
00954,0.9442244224422442,0.9663366336633663,0.9554455445544555
00955,0.9663366336633663,1.0,0.9084158415841583
00956,0.8326732673267326,0.9336633663366337,0.9048090523338048
00957,0.8554455445544555,0.9663366336633663,0.9442244224422442
00958,0.8831683168316831,0.9445544554455445,0.9442244224422442
00959,0.48217821782178216,0.6350742574257425,0.6778217821782176
00960,0.612022630834512,0.7915841584158416,0.9091809180918092
00961,0.861056105610561,0.9442244224422442,1.0
00962,0.861056105610561,0.9168316831683168,0.9336633663366337
00963,0.9,0.9,0.9168316831683168
00964,0.9112211221122113,0.9,0.9663366336633663
00965,0.9168316831683168,0.9418316831683168,0.9336633663366337
00966,0.8554455445544555,0.9,0.9265346534653466
00967,0.9442244224422442,1.0,1.0
00968,0.9168316831683168,0.9579207920792079,0.9445544554455445
00969,0.9467326732673268,0.9336633663366337,0.8680693069306932
00971,0.69004400440044,0.7484703232227984,0.6227618503608602
00972,0.5802745584635982,0.53880479107668,0.6157303617358639
01005,0.6353795379537953,0.7002581027333502,0.7208454248933664
01006,0.6752467389596101,0.7482551333951127,0.7901815181518151
01008,0.6834983498349834,0.7254664752189504,0.7506002549179649
01009,0.5839108910891089,0.5993988684582744,0.567991029872218
01010,0.7181605002605524,0.8326732673267325,0.8185021133692315
01011,0.6427942794279426,0.7288425271098538,0.720049504950495
01031,0.8442244224422442,0.9084158415841583,0.9326732673267326
01033,0.7477227722772277,0.6673267326732673,0.6442244224422442
01034,0.6197119711971197,0.6845123853044645,0.8001650165016502
01035,0.5033113311331132,0.7683003300330034,0.7593116454502592
01036,0.43716171617161714,0.735808580858086,0.7772404163493272
01037,0.47252562098315093,0.6756435643564356,0.6056223479490807
01038,0.5296872544397296,0.740924092409241,0.7815841584158416
01039,0.35989083523736987,0.6253653936822252,0.7076732673267324
01040,0.4841254125412542,0.39454375017333665,0.5044046349689915
01041,0.6469367945197881,0.7174746046033174,0.7042904290429043
01042,0.6646045044064846,0.808482541531464,0.7535875016073035
01043,0.759048404840484,0.7914191419141914,0.7941831683168316
01044,0.5886138613861387,0.6563366336633664,0.6573019801980198
01045,0.7263939551849921,0.7717202970297028,0.7673278042089922
01046,0.695621096725057,0.7745563968161521,0.876082036775106
01047,0.7396115160966645,0.7893608922727895,0.8223464077176947
01048,0.7733175103224608,0.8364985674391614,0.8350856514222849
01049,0.7111032531824609,0.7377333804809052,0.7227993870815652
01050,0.6891057178473264,0.752935763501162,0.8022929852666965
01051,0.6390853371051389,0.7665966386554621,0.8032703615189103
01052,0.7022002200220021,0.7966377887788778,0.8022984441301271
01053,0.7178286578657864,0.8594059405940593,0.852062706270627
01054,0.7198727015558697,0.8302805280528052,0.7721857511838139
01055,0.7273009255812797,0.7905940594059405,0.7727930776270904
01056,0.6477997799779976,0.7751250213383406,0.7517847320446329
01057,0.6903985148514851,0.6929133858764026,0.7749302608832311
01061,0.9999999999999998,0.9999999999999998,0.9999999999999998
01063,0.5436078772712436,0.7371287128712871,0.6987623762376236
01064,0.9999999999999998,0.9999999999999998,0.9999999999999998
01065,0.9999999999999998,0.9999999999999998,0.9999999999999998
01068,0.7,0.8999999999999998,0.8999999999999998
01069,0.5624831054534025,0.6146491792036346,0.6055940594059406
01070,0.8999999999999998,0.8999999999999998,0.8999999999999998
01075,0.9252475247524753,0.9252475247524753,0.9252475247524753
01084,0.5005775577557756,0.7230610561056106,0.651930693069307
01085,0.675990099009901,0.7896864686468645,0.6400760254596888
01091,0.7927392739273926,0.8381188118811881,0.8207920792079207
01092,0.8722772277227723,0.9524752475247524,0.9207920792079207
01093,0.8517945544554456,0.9080308030803079,0.9009900990099009
01094,0.8445544554455445,0.8762376237623762,0.8524752475247525
01095,0.8905940594059405,0.9267326732673267,0.8706270627062705
01096,0.797029702970297,0.8414191419141914,0.8722772277227723
01097,0.8458745874587459,0.8970297029702969,0.8588338833883388
01098,0.8273927392739273,0.8415841584158414,0.7468646864686467
01099,0.8636963696369637,0.8524752475247525,0.8641584158415843
01100,0.7428099952852427,0.8269448373408771,0.8226897689768977
01101,0.8207920792079207,0.8603960396039604,0.9009900990099009
01102,0.5309405940594059,0.5021589658965897,0.6017491749174917
01103,0.4985396616584735,0.582939175496497,0.611736798679868
01104,0.4923974540311174,0.5523283042589973,0.7164957567185288
01105,0.5626414427157003,0.5543847241867044,0.5944306930693068
01106,0.4474068835454974,0.4836261922895586,0.5940770862800566
01107,0.4317931793179318,0.5736209335219236,0.5543234323432343
01108,0.5025165016501649,0.5113649222065063,0.572741163647886
01109,0.4580229753744606,0.5230622347949081,0.5347194719471947
01111,0.5425742574257425,0.6326732673267327,0.6158415841584158
01112,0.6057425742574257,0.7410891089108911,0.7467326732673267
01113,0.4776166902404526,0.695803866100896,0.7039603960396039
01114,0.6270008250825082,0.5924219345011423,0.700990099009901
01115,0.6217821782178218,0.7452970297029703,0.7324257425742574
01116,0.5872701555869873,0.7499426784783741,0.6787128712871286
01117,0.6905940594059405,0.7622937293729374,0.733993399339934
01118,0.6678181948629645,0.8076161462300077,0.8050547159979156
01119,0.6855728429985856,0.8009900990099009,0.7607920792079208
01120,0.4802782201297052,0.5579207920792078,0.6012871287128713
01122,0.39747651688245744,0.5023154815481548,0.5428315559750702
01123,0.28058805880588056,0.6254809052333804,0.6337482319660539
01124,0.4105885588558856,0.47239723972397235,0.6493917963224894
01125,0.49867986798679864,0.7285007072135785,0.5971011136201338
01126,0.27103960396039606,0.5882838283828382,0.5961633663366337
01127,0.4508250825082508,0.5782178217821782,0.5976072607260725
01128,0.4235973597359736,0.6896039603960397,0.6178217821782178
01129,0.29958745874587456,0.6175717571757176,0.5589108910891089
01130,0.35445544554455444,0.5450495049504951,0.6586014851485149
01131,0.3905940594059406,0.4967821782178217,0.6136963696369637
01133,0.35445544554455444,0.3049504950495049,0.4163366336633663
01134,0.6632140137090631,0.7287953795379537,0.6495874587458745
01135,0.7327439886845826,0.7879950495049504,0.7465346534653463
01136,0.7404290429042903,0.7241263832265579,0.7713696369636963
01137,0.699749605395322,0.7816831683168316,0.7353960396039603
01138,0.6994224422442243,0.7174504950495049,0.772648514851485
01139,0.6267326732673266,0.6447882288228822,0.7014851485148513
01140,0.6051980198019802,0.7443069306930692,0.7509900990099009
01141,0.5612211221122111,0.5745167373880244,0.5952371026576341
01142,0.5345874587458745,0.5188989228593188,0.568069306930693
01144,0.4534653465346534,0.6080445544554454,0.6143569248229169
01145,0.4614097123998113,0.6630068363979253,0.7214225268680713
01146,0.5017326732673267,0.5754569687738004,0.5817607847741295
01147,0.5279702970297029,0.4497342365815528,0.5811881188118811
01148,0.4939642041127189,0.42153465346534646,0.5456825920687307
01149,0.4783239038189533,0.5840346534653464,0.6419141914191419
01150,0.49009900990099003,0.5334158415841583,0.6101935193519351
01151,0.8999999999999998,0.9499999999999998,0.9999999999999998
01152,0.5956624233851956,0.6553512494106554,0.5782178217821782
01154,0.734983498349835,0.7382838283828383,0.7891089108910891
01155,0.6059405940594059,0.6726072607260727,0.7698019801980197
01156,0.6029702970297028,0.7158415841584158,0.7242574257425743
01157,0.5910891089108912,0.4584158415841584,0.5815594059405941
01158,0.5174917491749175,0.6333333333333334,0.7269306930693069
01159,0.6168316831683167,0.5126237623762376,0.4316556655665566
01160,0.5894801980198019,0.5905940594059405,0.6504950495049504
01161,0.5196039603960395,0.6834158415841582,0.7814851485148514
01162,0.7033663366336632,0.5968811881188117,0.7448019801980197
01163,0.6173267326732672,0.7887788778877887,0.7605610561056104
01164,0.6100495049504949,0.7088118811881188,0.7836633663366335
01165,0.4533303330333032,0.4453795379537954,0.754950495049505
01166,0.5425192519251925,0.5774752475247523,0.6807425742574256
01167,0.3943069306930693,0.5,0.504950495049505
01168,0.5290841584158414,0.6807343234323431,0.7747524752475247
01169,0.597100424328147,0.7278877887788777,0.7999999999999998
01170,0.5605610561056105,0.779207920792079,0.6859735973597358
01171,0.5212588401697311,0.7542079207920791,0.7558168316831682
01172,0.521516973125884,0.833168316831683,0.7471122112211219
01173,0.31793965110796785,0.7019801980198019,0.5479372937293729
01174,0.5749999999999998,0.7663366336633662,0.833168316831683
01175,0.584158415841584,0.6889851485148514,0.7452970297029702
01176,0.6574257425742573,0.7298267326732673,0.739158415841584
01177,0.5995049504950494,0.6980905233380479,0.7484158415841583
01178,0.27235338918507235,0.3351815181518152,0.43316831683168316
01179,0.5656294200848655,0.7574257425742573,0.6836633663366336
01180,0.33564356435643555,0.3019801980198019,0.3346534653465346
01181,0.2696699669966997,0.401980198019802,0.501980198019802
01182,0.4029702970297029,0.30198019801980197,0.4782178217821782
01183,0.17541254125412548,0.38732673267326734,0.37722772277227723
01184,0.6029702970297028,0.45148514851485144,0.45148514851485144
01185,0.1824611032531825,0.15148514851485148,0.45247524752475243
01186,0.2860273035340869,0.46065675917410753,0.4574282925186928
01187,0.23739598959895983,0.3261335363011497,0.33388660154342986
01188,0.1738843894893691,0.4259390224736759,0.3841228809350716
01189,0.21064356435643564,0.3311182549065943,0.37879054143751506
01190,0.10111785372085597,0.3158756274787143,0.38766808928792035
01191,0.1814078587345914,0.22454761904761902,0.2078381504352308
01192,0.19251812478818728,0.26508937635649976,0.2977389507157522
01193,0.10841584158415843,0.1558864524774504,0.2828323391892681
01194,0.1283449152368653,0.20470902694665072,0.366093313148246
01195,0.23810429782474046,0.7242595633655375,0.6625959701233282
01196,0.25270417517942273,0.46140042074382864,0.4948183387850668
01197,0.16452965470378764,0.2852264882619901,0.37370374171214454
01198,0.27315962138584376,0.29838038303930886,0.4290041271207865
01199,0.3148199007092827,0.36747390273832137,0.4364104590773386
01200,0.24176372150455713,0.4644791571889018,0.6109805332944376
01201,0.3436109663597939,0.5164557246409615,0.5600969944979846
01202,0.24507942022272408,0.4756816482140825,0.5473975861063546
01203,0.273442080232868,0.41641224685128364,0.5138996756818538
01204,0.34220722566762163,0.39655191009297003,0.5666421257510367
01205,0.29413274660799416,0.612034417727487,0.5930745583427247
01206,0.3233270469904133,0.4407846268497817,0.6397669917367677
01207,0.26913573710312205,0.4854594470436054,0.4768587056074028
01208,0.22031353135313528,0.3584518088821863,0.4721693236724513
01209,0.3427256058939227,0.5159215470419222,0.6309528496709319
01210,0.48201320132013203,0.5765251525152515,0.6311869688711031
01211,0.3606360636063606,0.5075599867679076,0.5428344757552678
01212,0.4534653465346534,0.5669928620769054,0.6139232673267327
01213,0.332770902090209,0.7110552325073775,0.7092331488787976
01214,0.32224841531772225,0.5885422827997085,0.5788002404458807
01215,0.29379295072364375,0.6319031903190319,0.5461887855452212
01216,0.3505470327252505,0.567986798679868,0.6606229372937295
01217,0.383079260306983,0.4763055646223962,0.6056105610561056
01218,0.23627848499135629,0.38511851185118506,0.49518151815181516
01219,0.17705226950751335,0.33553210068963385,0.4184489885111995
01220,0.33272827282728273,0.4479097909790979,0.4912266226622662
01221,0.31683168316831684,0.45082508250825076,0.5992191838231441
01222,0.32673267326732675,0.6155115511551155,0.7526952695269525
01223,0.18161881699005816,0.28301808756878555,0.3689980943391689
01224,0.2647837499267168,0.45815254319549603,0.402794603344253
01225,0.14835528542732815,0.31359990483605343,0.3445947076850542
01226,0.11962092232170857,0.21396179156922784,0.3051774488278335
01227,0.5064356435643564,0.7251237623762375,0.6743518759770714
01228,0.5873762376237623,0.7040841584158415,0.7415841584158415
01229,0.8105610561056106,0.6405940594059406,0.7442244224422442
01230,0.7999999999999998,0.7946094609460945,0.725
01231,0.7250825082508251,0.6501650165016502,0.7031746031746032
01232,0.5341171617161716,0.675,0.6378300330033003
01233,0.5178217821782178,0.5676980198019801,0.6401665166516651
01234,0.666996699669967,0.6305280528052805,0.611111111111111
01235,0.5947194719471947,0.6457095709570957,0.6838283828382838
01236,0.5535753575357535,0.5746094609460947,0.8006600660066007
01237,0.5668316831683168,0.6168316831683168,0.6168316831683168
01238,0.407942794279428,0.5834983498349834,0.5834983498349834
01239,0.3946094609460946,0.5333333333333333,0.5333333333333333
01240,0.5834983498349834,0.6334983498349834,0.6584158415841584
01241,0.5333333333333333,0.589053905390539,0.49452695269526953
01242,0.39966996699669965,0.5547854785478546,0.5603410341034104
01243,0.7722772277227724,0.8143564356435643,0.9066478076379066
01244,0.6241749174917492,0.7997524752475248,0.7267326732673267
01245,0.6967821782178218,0.7762376237623763,0.7244224422442245
01246,0.8102310231023102,0.8174917491749175,0.910891089108911
01247,0.6787128712871289,0.6173267326732672,0.7346534653465346
01248,0.7948019801980198,0.801980198019802,0.9504950495049505
01249,0.7772277227722773,0.7971947194719473,0.7957920792079207
01250,0.8762376237623762,0.801980198019802,0.8452970297029703
01251,0.6009900990099011,0.800990099009901,0.7108910891089109
01252,0.6455445544554456,0.5557755775577558,0.7346534653465346
01253,0.6072135785007073,0.6963224893917964,0.8
01254,0.7277227722772277,0.8432343234323433,0.8184818481848184
01255,0.8613861386138615,0.7999174917491748,0.8514851485148516
01256,0.7444130127298444,0.8009900990099009,0.8755304101838753
01257,0.5099009900990099,0.7213578500707214,0.8329207920792079
01258,0.5316831683168317,0.6663366336633665,0.7015346534653466
01259,0.8514851485148514,0.9504950495049505,0.9009900990099009
01260,0.7376237623762376,0.7694048525731694,0.8514851485148516
01261,0.7432343234323433,0.7927392739273927,0.8168316831683168
01262,0.654950495049505,0.5980916772995981,0.6486671744097487
01263,0.5425467546754675,0.5637388024516737,0.629761211415259
01264,0.48266362350520764,0.4534790979097909,0.6080989170345606
01265,0.5258031685521493,0.527444306930693,0.5202557755775578
01266,0.4557191245440333,0.482316260472201,0.5831470383880493
01267,0.9999999999999998,0.9999999999999998,0.9999999999999998
01268,0.5450770077007702,0.7176950075959976,0.7120854942637119
01269,0.4465535124941065,0.5960042432814711,0.4574532453245325
01270,0.5674760598646738,0.6057186753158075,0.6653465346534654
01271,0.4643976897689769,0.5760721660401334,0.581394389438944
01272,0.47095709570957095,0.47093509350935087,0.5830500550055006
01273,0.4957284299858556,0.6122400335271623,0.7032553255325533
01274,0.3884121745507884,0.3996413212749847,0.4048679867986799
01275,0.3965267955366965,0.5034794908062236,0.5170897859016671
01276,0.8999999999999998,0.9999999999999998,0.9999999999999998
01277,0.2915891589158916,0.5023695990288685,0.5638613861386138
01278,0.4722219199941972,0.6462978906586311,0.6575082508250825
01279,0.5811056105610561,0.5094898355381756,0.5522404163493273
01280,0.5473433057591474,0.6344947956334095,0.7007425742574257
01281,0.445957095709571,0.5873501823866597,0.5828382838283828
01282,0.4392105967353491,0.553586278488476,0.542138142385667
01283,0.3975247524752476,0.5677392739273927,0.4997347949080623
01284,0.7499999999999998,0.8999999999999999,0.9099999999999997
01285,0.5816281628162816,0.7180339462517681,0.6258035586167312
01286,0.4978347834783478,0.7057755775577558,0.6607064277856357
01287,0.5298019801980198,0.6395837083708371,0.7365869279235616
01288,0.7343234323432343,0.7550755075507549,0.7850495049504951
01289,0.6111661166116612,0.6875027502750274,0.7293257897218292
01290,0.6849009900990098,0.6837046204620462,0.730978097809781
01291,0.2665841584158416,0.42017326732673266,0.535519801980198
01292,0.3390539053905391,0.5556435643564357,0.5430185326224931
01293,0.7499999999999998,0.7999999999999998,0.7
01294,0.28267326732673265,0.5249999999999999,0.6094059405940594
01301,0.8834983498349835,0.7752475247524753,0.8504950495049505
01302,0.8504950495049505,0.833993399339934,0.9
01303,0.9504950495049505,0.9252475247524753,1.0
01304,0.8999999999999998,0.9999999999999998,0.9999999999999998
01305,0.7854785478547853,0.8257425742574258,0.7919141914191419
01306,0.8504950495049505,0.8,0.9003300330033003
01307,0.9504950495049505,0.8045379537953796,0.8514851485148514
01308,0.9252475247524753,0.8504950495049505,0.9
01309,0.8252475247524753,0.9,0.8252475247524753
01310,0.9252475247524753,1.0,0.9168316831683168
01311,0.8514851485148514,0.8504950495049505,0.9009900990099009
01312,0.9,0.8792904290429042,0.9
01313,0.9504950495049505,1.0,0.9252475247524753
01314,0.9,0.8252475247524753,0.8252475247524753
01317,0.9009900990099009,0.837871287128713,0.8504950495049505
01318,0.9702970297029703,0.9752475247524753,1.0
01319,0.9504950495049505,0.9126237623762377,0.9504950495049505
01320,0.9,0.8252475247524753,0.9
01321,0.8071782178217821,0.8693069306930692,0.8785950023573786
01322,0.8112211221122113,0.9112211221122113,0.9
01325,0.8891089108910892,0.9253182461103254,0.7996699669966996
01326,0.8752475247524754,0.7641089108910892,0.9252475247524753
01327,0.8072607260726071,0.7673267326732673,0.8831683168316831
01328,0.8554455445544555,0.9336633663366337,0.9
01333,0.9168316831683168,0.9252475247524753,0.8504950495049505
01334,0.9168316831683168,0.9,0.8504950495049506
01335,0.20853682142407787,0.21288277507875009,0.37282691770321197
01336,0.07152955584205525,0.2380702589008973,0.31930750597684193
01337,0.16585625229189588,0.15566951933288564,0.28802826436489787
01338,0.09356767227839119,0.22194499333938275,0.26938896374109456
01339,0.17744784240087294,0.33302627940922414,0.3022794037645523
01340,0.09886974943506403,0.1321801250602308,0.16565177158178132
01341,0.1318186555497655,0.19230301054338386,0.23802842962607937
01342,0.10218297573464441,0.20567356735673564,0.35826582658265826
01343,0.10513156154875605,0.3681750246095953,0.25627541068197796
01344,0.2686318160117898,0.1848697548326261,0.37714152342223556
01345,0.2536326432887142,0.3270316935539708,0.30322224473495263
01346,0.150410885968473,0.3592738418978676,0.356804568475276
01347,0.2112248724872487,0.21347282522369887,0.2701266460296899
01348,0.11857721486434356,0.12594482880737976,0.2034127397702176
01349,0.2244760726072607,0.29472592637415007,0.36763042238289756
01350,0.11552543591828164,0.2007641886224481,0.2951664385263181
01351,0.2767383363437997,0.12085760046592893,0.2524308985520401
01352,0.23022531781714153,0.3142675806042142,0.4713814238566713
01353,0.12298875884448728,0.16998710375239204,0.28267041900931916
01354,0.23356435643564355,0.1455299857204413,0.2685177528741885
01355,0.10883401688585151,0.3463971628255262,0.2515018990586842
01356,0.24714256868724846,0.4196940897476525,0.315445937450888
01357,0.15522204692996772,0.15437428672055534,0.45174914149637796
01358,0.10017210374883638,0.33032005526134,0.3487792354676881
01359,0.1443610023141533,0.2721252674718021,0.3616417356021316
01360,0.07601284452769602,0.3227955300560236,0.19700608082786303
01361,0.2783882025973495,0.17315862167144733,0.3899496480999102
01362,0.08600660066006599,0.24836154067371305,0.2116956642344315
01363,0.14748168054259528,0.22893742478774506,0.36111582586830115
01364,0.13776254548531777,0.19971341796237996,0.2329292496918864
01365,0.10752789564670753,0.33383997328304255,0.34877727176171297
01366,0.07830443677851948,0.4073184881513362,0.3771756345518723
01367,0.2013286899409544,0.15706068541462234,0.4032288175145317
01368,0.23556371766208878,0.4519850673591949,0.41123762376237616
01369,0.1617538896746818,0.30136835315410104,0.4142951438000943
01370,0.18810314772078707,0.22008152088788116,0.42585148758778335
01371,0.21408769448373413,0.15936355436785915,0.29069550815568895
01372,0.2697123998114097,0.22642499801545632,0.2623757569034214
01373,0.27147854785478553,0.5998826549321599,0.3182853093001608
01374,0.2205280528052805,0.24839483948394836,0.4446218136532655
01375,0.10514851485148516,0.16047342625502276,0.3329922992299229
01376,0.24752318088951758,0.44455297076099354,0.2651967612015439
01377,0.2438943894389439,0.3295587602238485,0.38888454062797584
01378,0.22103960396039604,0.3783751768033946,0.3331968196819681
01379,0.15520675596971462,0.2937903021071338,0.3175104807778076
01380,0.09752977141032074,0.1830920949237781,0.23247396264722994
01381,0.2528932893289329,0.13305811745558116,0.3098294829482948
01382,0.04858085808580859,0.20239550103017895,0.2936822253653936
01383,0.06360513637570654,0.17583186424232483,0.4394968680541522
01384,0.13527048357009613,0.2483528352835284,0.38115003808073117
01385,0.06303630363036303,0.24678667866786674,0.18535590828617543
01386,0.15377180575200378,0.07556255625562555,0.24080463667528784
01387,0.23501872354723155,0.2651066898049129,0.35016501650165016
01388,0.1250048388297476,0.3367071047764118,0.32677224301377505
01389,0.05123762376237624,0.286142162603357,0.20336088141781214
01390,0.13135313531353135,0.34925742574257423,0.4191151986397209
01391,0.1025133282559025,0.1470586179285451,0.26713814238566713
01392,0.761056105610561,0.7974422442244224,0.8891089108910892
01393,0.7062046204620461,0.8726485148514852,0.8891089108910892
01394,0.7663366336633664,0.8663366336633663,0.8442244224422442
01395,0.698019801980198,0.5891089108910892,0.6022838283828383
01396,0.8084158415841584,0.7405469118340405,0.8554455445544555
01397,0.8663366336633663,0.85,0.8084158415841584
01398,0.7394059405940594,0.8336633663366337,0.8371026576341845
01399,0.9252475247524753,0.9252475247524753,0.9119911991199119
01400,0.7747524752475249,0.7485148514851485,0.8336633663366335
01401,0.6229626808834728,0.6821782178217822,0.6384158415841584
01402,0.7331683168316832,0.8663366336633663,0.7666666666666667
01403,1.0,0.9,0.6174917491749174
01404,0.9168316831683168,0.8504950495049505,0.9292786421499294
01405,0.7752475247524753,0.7838283828382838,0.7063118811881188
01406,0.6782178217821782,0.6726485148514851,0.7663366336633664
01407,0.7,0.7,0.75
01408,0.8999999999999998,0.7999999999999999,0.65
01409,0.7999999999999999,0.8999999999999998,0.8999999999999998
01410,0.7,0.8999999999999998,0.8999999999999998
01411,0.8999999999999998,0.8999999999999998,0.85
01412,0.7999999999999999,0.7999999999999999,0.8999999999999998
01413,0.7999999999999999,0.8999999999999998,0.8999999999999998
01414,0.8999999999999998,0.8999999999999998,0.8999999999999998
01415,0.8999999999999998,0.7999999999999999,0.9333333333333332
01416,0.8999999999999998,0.7999999999999999,0.7999999999999999
01417,0.6569306930693071,0.8,0.8463283828382838
01418,0.6792079207920793,0.6778877887788779,0.7782178217821782
01419,0.6326732673267326,0.5404689942678478,0.658910891089109
01420,0.8831683168316831,0.8666666666666668,0.874105102817974
01421,0.8221122112211223,0.8831683168316833,0.9
01422,0.7221122112211221,0.6996699669966996,0.8663366336633663
01423,0.8158415841584159,0.8326732673267326,0.8755175517551754
01424,0.8666666666666668,0.8554455445544555,0.8884488448844884
01425,0.6849504950495049,0.6477227722772276,0.7591584158415843
01426,0.7331683168316832,0.8,0.8779595350839433
01427,0.7663366336633664,0.9,0.8732673267326734
01428,0.500990099009901,0.6007425742574257,0.6896039603960397
01444,0.26600443283676733,0.44287548733570503,0.6319642900501548
01445,0.574087908790879,0.6342085125125311,0.6096132772294682
01446,0.6754333933393339,0.7494153646133844,0.7431207406454932
01447,0.6700262333925702,0.7267419122334926,0.7378355335533554
01448,0.883085808580858,0.8462989156058462,0.8249687337154767
01449,0.7023053242622258,0.7753725372537253,0.7558475847584759
01450,0.7266667208592781,0.760023425419465,0.7692256917999492
01451,0.692113661915642,0.7609448163933484,0.7544853056734245
01452,0.6555054147948731,0.7532730892136834,0.7863908475527578
01453,0.40426637084999273,0.41433993399339936,0.5538311848102102
01454,0.3572817575875235,0.351362077384209,0.49750008334166756
01455,0.296770498715748,0.4553495135925323,0.6183118666060915
01456,0.37999967535793483,0.5347849949830148,0.5928606421507486
01457,0.6395469663480566,0.7348656681462521,0.730660035349978
01458,0.2758342004239291,0.44163890795188115,0.5161586158615862
01459,0.8675147307963877,0.8813118811881188,0.8791419141914192
01460,0.37524257028556146,0.42675661652186725,0.4922832924318073
01461,0.620204944108814,0.7786906622993126,0.7774906956759023
01462,0.2643724009271893,0.29220355688999705,0.420972668695441
01463,0.524346743598845,0.6657324502720543,0.673145852400366
01464,0.6432838283828383,0.735309688020084,0.7098404840484048
01465,0.6869399994298073,0.7336772004268096,0.7630278412456631
01466,0.509273258186622,0.5572628625091611,0.6431920550859072
01467,0.6095944847231977,0.7311795575161912,0.7564467541062274
01468,0.7141650602307196,0.7404820688112768,0.7693764694195172
01469,0.6984075907590759,0.7734457017130285,0.7905616410057295
01470,0.7238460631777464,0.911115040075436,0.9179620462046205
01471,0.7205639450877165,0.746439234494169,0.7549099146887396
01472,0.6999013623166829,0.7887500000000001,0.8153536406272208
01473,0.785331211692598,0.8407653336762249,0.8929770918268296
01474,0.7739818904967419,0.867019778900967,0.8698651169464773
01475,0.800403867309808,0.8427894437795429,0.8278098139484278
01476,0.7748265211136498,0.852015558698727,0.8525419715884631
01477,0.7457152907981828,0.8306599890758306,0.8810369905768857
01478,0.27107813910836315,0.33992661461268076,0.3383251689224222
01479,0.23726114255909472,0.26197737722490194,0.26525766302120407
01480,0.30296453454869304,0.3730096457921654,0.45931568431568426
01481,0.8128812881288128,0.8502435957881501,0.909240924092409
01482,0.2316148117274782,0.2582410365310631,0.5032682150202598
01483,0.404187875518321,0.6366336633663366,0.7137623762376237
01484,0.23316297419215615,0.49842397538319666,0.7016994556598517
01485,0.21067329172377092,0.3263215855433425,0.746344154340813
01486,0.26451162120260613,0.5723358874348974,0.4985868586858686
01487,0.2597101544375719,0.3686258044302599,0.6708743758991282
01488,0.5586349466802997,0.5418527360977857,0.5614225714069382
01489,0.582873983476779,0.6893090597216008,0.6883938393839384
01490,0.34670986146233673,0.611812084549367,0.6204657132379905
01491,0.4246311111401286,0.5858013019347048,0.645602008002998
01492,0.9061376971030435,0.9258305830583057,0.9108020325842107
01493,0.7092355002306954,0.7381766748103382,0.7486805603637288
01494,0.8526402640264026,0.9168316831683168,0.9336633663366337
01495,0.7772277227722773,0.7217821782178218,0.762942008486563
01496,0.8663366336633663,0.8639321074964638,0.8831683168316831
01497,0.8514851485148514,0.8504950495049505,0.9252475247524753
01498,0.8831683168316831,0.933069306930693,0.9663366336633663
01499,0.8252475247524751,0.8038189533239037,0.8326732673267326
01500,0.7,0.7747524752475248,0.8331683168316832
01501,0.7495049504950495,0.799009900990099,0.8905940594059405
01502,0.8663366336633663,0.8326732673267326,0.8141584158415842
01503,0.8257425742574258,0.9,0.9504950495049505
01504,0.733993399339934,0.7504950495049505,0.8444130127298445
01505,0.48886138613861385,0.6268316831683168,0.7514851485148515
01506,0.4251768033946252,0.5277227722772276,0.6762376237623762
01507,0.200990099009901,0.4725054219707685,0.7036067892503536
01508,0.9009900990099009,0.9252475247524753,1.0
01509,0.5339108910891089,0.6762376237623762,0.6004950495049505
01510,0.6524752475247524,0.8504950495049505,0.7833097595473832
01511,0.6019801980198018,0.8,0.6631188118811882
01512,0.5039603960396037,0.6614761476147614,0.6239823982398239
01513,0.7999999999999999,0.7999999999999999,0.8333333333333333
01514,0.7999999999999999,0.8999999999999998,0.914285714285714
01515,0.2111611161116111,0.476029031474576,0.61
01516,0.3029702970297029,0.567986798679868,0.5983026874115983
01517,0.44587458745874586,0.7550855085508551,0.6216407355021216
01518,0.5999999999999999,0.8999999999999998,0.7333333333333333
01519,0.8990099009900989,0.7773691654879774,0.8457425742574257
01520,0.6514851485148514,0.6712871287128712,0.5454620462046205
01521,0.9999999999999998,0.8999999999999998,0.8999999999999998
01522,0.3504950495049505,0.55,0.5217821782178218
01523,0.6653465346534654,0.7765676567656765,0.7204950495049506
01524,0.10730198019801977,0.5374587458745875,0.5977447744774478
01525,0.07004950495049504,0.16693323178471692,0.5184818481848185
01526,0.2,0.1166666666666667,0.2583333333333333
01527,0.8803960396039605,0.8663366336633663,0.9442244224422442
01528,0.280519801980198,0.568976897689769,0.6169947582993592
01529,0.8612871287128712,0.8571782178217822,0.8495049504950494
01530,0.5999999999999999,0.5999999999999999,0.7999999999999999
01531,0.7999999999999999,0.7999999999999999,0.8999999999999998
01532,0.65,0.7999999999999999,0.7
01533,0.9999999999999998,0.7999999999999999,0.9999999999999998
01534,0.9999999999999998,0.8999999999999998,0.8999999999999998
01535,0.8999999999999998,0.7999999999999999,0.7999999999999999
01536,0.8999999999999998,0.8999999999999998,0.9499999999999998
01537,0.7999999999999999,0.7999999999999999,0.8999999999999998
01538,0.8999999999999998,0.7999999999999999,0.8999999999999998
01539,0.7999999999999999,0.9999999999999998,0.8999999999999998
01540,0.7999999999999999,0.8999999999999998,0.8999999999999998
01541,0.9999999999999998,0.7999999999999999,0.9999999999999998
01542,0.7999999999999999,0.7999999999999999,0.8999999999999998
01543,0.7,0.8999999999999998,0.7999999999999999
01544,0.7,0.7,0.7
01545,0.85,0.7999999999999999,0.8999999999999998
01546,0.75,0.7999999999999999,0.7
01547,0.8999999999999998,0.9999999999999998,0.9999999999999998
01548,0.8999999999999998,0.8999999999999998,0.8999999999999998
01549,0.7,0.7,0.5999999999999999
01550,0.8999999999999998,0.8999999999999998,0.8999999999999998
01551,0.75,0.7999999999999999,0.7
01552,0.8999999999999998,0.7999999999999999,0.7999999999999999
01553,0.8999999999999998,0.8999999999999998,0.7
01554,0.8999999999999998,0.7999999999999999,0.7999999999999999
01555,0.9999999999999998,0.8999999999999998,0.9499999999999998
01556,0.85,0.7999999999999999,0.8999999999999998
01557,0.8999999999999998,0.8999999999999998,0.8999999999999998
01558,0.7999999999999999,0.7999999999999999,0.7999999999999999
01559,0.85,0.8999999999999998,0.8999999999999998
01560,0.7999999999999999,0.8999999999999998,0.7
01561,0.8999999999999998,0.7999999999999999,0.7
01562,0.8999999999999998,0.9999999999999998,0.7999999999999999
01563,0.7999999999999999,0.7999999999999999,0.7
01564,0.8999999999999998,0.9999999999999998,0.8999999999999998
01565,0.8999999999999998,0.8999999999999998,0.8999999999999998
01566,0.8999999999999998,0.8999999999999998,0.8999999999999998
01567,0.7,0.7,0.7999999999999999
01568,0.7,0.8999999999999998,0.7999999999999999
01569,0.7999999999999999,0.8999999999999998,0.7999999999999999
01570,0.4999999999999999,0.7,0.5999999999999999
01571,0.7,0.8999999999999998,0.8999999999999998
01572,0.8999999999999998,0.7999999999999999,0.8999999999999998
01573,0.75,0.7,0.8999999999999998
01574,0.75,0.7999999999999999,0.65
01575,0.8999999999999998,0.8999999999999998,0.85
01576,0.85,0.8999999999999998,0.85
01577,0.7999999999999999,0.8999999999999998,0.8999999999999998
01578,0.5999999999999999,0.7,0.7
01579,0.5999999999999999,0.7999999999999999,0.8999999999999998
01580,0.413202942414057,0.511056105610561,0.6744086908690868
01581,0.4998387915714647,0.5770297029702971,0.5874587458745875
01582,0.3926119150376576,0.5378881165427466,0.6079207920792078
01583,0.5983498349834984,0.6733498349834983,0.7412953795379538
01584,0.6757920792079206,0.7144664466446643,0.7418921892189217
01585,0.7658239038189533,0.6696919691969195,0.6520902090209021
01586,0.7145214521452145,0.7565456545654565,0.6184818481848184
01587,0.5444994499449946,0.6803394625176803,0.7227487034417727
01588,0.6006600660066006,0.6962458745874587,0.7819141914191419
01589,0.4914191419141914,0.7059405940594058,0.7006600660066007
01590,0.44018151815181517,0.4797563214968113,0.5690594059405939
01591,0.42095709570957096,0.5734323432343233,0.57998899889989
01592,0.45038503850385037,0.5843234323432344,0.5028052805280528
01593,0.2858635863586358,0.3684818481848185,0.5316006600660066
01594,0.12975797579757972,0.5698019801980198,0.47433993399339935
01595,0.28721122112211217,0.31366215568925315,0.46793179317931793
01596,0.15610561056105612,0.5191314369532192,0.5100998561394601
01597,0.12711771177117712,0.35773613075593264,0.4602990733855994
01598,0.1543454345434543,0.31456895689568953,0.4823586358635863
01599,0.16196369636963695,0.3547054705470547,0.5046204620462046
01600,0.13204320432043207,0.19893062835695333,0.4918041804180417
01601,0.14408297972654407,0.1599009900990099,0.41155940594059404
01602,0.1329271388677329,0.24995980367267498,0.39235846661589235
01603,0.14761276127612763,0.16165016501650165,0.21678453559641678
01604,0.1547194719471947,0.1680968096809681,0.20658180103724658
01605,0.1414898632720415,0.1858703013158459,0.2150815081508151
01606,0.15352358765288296,0.19138913891389142,0.19658965896589664
01607,0.13612394572790612,0.19211842722452732,0.2244638273351145
01608,0.1344320534203958,0.16868353502016867,0.21049104910491048
01609,0.1437160144585887,0.19541162449578295,0.18034103410341037
01610,0.1658292596176911,0.19816704747397818,0.20168067226890754
01611,0.16482771580325453,0.15030869753642032,0.18908461175787908
01612,0.16325198346165148,0.19683523008171264,0.2260726072607261
01613,0.1623162316231623,0.23104143747708103,0.2027970297029703
01614,0.15430447806685432,0.16323799046571322,0.19569903528814417
01615,0.13753575357535752,0.21917491749174922,0.2050224182082074
01616,0.09206634949209204,0.1623762376237624,0.1889587035626639
01617,0.09845984598459845,0.2219040365575019,0.1721122112211221
01618,0.09735973597359733,0.13883388338833882,0.13127062706270626
01619,0.053640054481638645,0.1441774553395189,0.1517808302569387
01620,0.09696369636963696,0.11748557208662042,0.14174455260652116
01621,0.0988998899889989,0.152846261637658,0.15103404402518525
01622,0.10264026402640264,0.15192329577785366,0.14992983007573937
01623,0.06739181610468738,0.14124978287302417,0.11354505015718963
01624,0.10865701954810865,0.16020440753752793,0.14646695438774646
01625,0.09627651486953208,0.14043804380438044,0.17863316943939292
01626,0.28663366336633656,0.307377612761276,0.3113861386138613
01627,0.5867832186837825,0.609242352426732,0.6937319379132274
01628,0.3705445544554455,0.4078465346534653,0.529009900990099
01629,0.3478583727938011,0.32213336718287217,0.3436504520017219
01630,0.5252475247524753,0.6295049504950497,0.6431400282885432
01631,0.462893387553041,0.5862513751375137,0.6458512824208688
01632,0.3986130755932735,0.45541254125412534,0.5824883207970359
01633,0.1179190996022679,0.2835519801980198,0.5235926449787836
01634,0.21848184818481844,0.29455445544554454,0.5915714648387915
01635,0.20632013201320132,0.2588981975120589,0.4365305280528053
01636,0.5017464246424642,0.5755972025774005,0.5522277227722772
01637,0.3258663366336633,0.6392739273927392,0.8228960396039603
01638,0.4735148514851485,0.7174917491749173,0.7380352582769587
01639,0.39098784878487847,0.506146230007616,0.5808580858085808
01640,0.461983341191262,0.5468882602545968,0.5807920792079206
01641,0.4528877887788778,0.5352003771805751,0.5506086322918006
01642,0.4392239223922392,0.5129831385394178,0.5890356508178289
01643,0.4429042904290429,0.544133510100236,0.6973597359735973
01644,0.40049504950495046,0.424084908490849,0.5719286855156103
01645,0.4442421027817067,0.5130481425243365,0.6073591012947448
01646,0.44775577557755775,0.5668245085378103,0.6234257595643734
01647,0.4061826787074312,0.6573368875349073,0.7146039603960395
01648,0.33118811881188115,0.4854620462046204,0.5400626092020966
01649,0.5257425742574257,0.5035295196186285,0.6411678962013847
01650,0.2135984477568636,0.4487458745874586,0.40379537953795375
01651,0.19031741409435057,0.19756214592047436,0.20547818518115546
01652,0.3174092409240924,0.2992439243924392,0.40778464401061953
01653,0.5063004569687738,0.5694719471947194,0.6403327832783278
01654,0.5060368536853684,0.5948019801980198,0.5713418920839453
01655,0.6019016187333018,0.6122787993085023,0.6768481848184817
01656,0.4873381568926123,0.5472359735973596,0.5258525852585259
01657,0.5119224422442245,0.6580308030803079,0.7355583945491322
01658,0.5013296375720521,0.5916412795125665,0.6087183718371836
01659,0.28795379537953786,0.379144271570014,0.3622293548036121
01660,0.4757425742574257,0.5118835454974069,0.560810539387272
01661,0.49794979497949793,0.5638117657919637,0.47247524752475245
01662,0.5487859500235738,0.6308030803080307,0.532818406840684
01663,0.3709747760490335,0.48171115463194675,0.5076689625484287
01664,0.43246110325318243,0.46423850300087927,0.5751909476661952
01665,0.48473990256168464,0.6250825082508251,0.6699009900990099
01666,0.34864086408640865,0.528605610561056,0.5083237797463956
01667,0.37613861386138614,0.5565669066906691,0.5761240548017935
01668,0.5668316831683167,0.7005408103835593,0.6942008486562941
01669,0.646996699669967,0.8083922677982084,0.7395058424761394
01671,0.48801980198019795,0.5252475247524753,0.48792509685751184
01672,0.789026402640264,0.7879664889565879,0.7831683168316831
01673,0.8554455445544553,0.8221122112211221,0.8999999999999999
01674,0.842813797508783,0.8333333333333334,0.9003300330033003
01675,0.6996699669966997,0.6910608824040297,0.8358085808580857
01676,0.7458745874587458,0.7369636963696369,0.695104510451045
01677,0.6683168316831681,0.6703245324532453,0.8009900990099008
01678,0.4261551155115511,0.6217045233935158,0.728135313531353
01679,0.5153950689186564,0.6503300330033003,0.6836633663366336
01680,0.4666666666666666,0.6333333333333333,0.7666666666666665
01681,0.38481848184818473,0.6640864086408639,0.7398239823982399
01682,0.657142857142857,0.5999999999999999,0.75
01683,0.2709460946094609,0.529590994813767,0.5869306930693069
01684,0.3629042904290429,0.5912541254125413,0.6632425742574256
01685,0.1860924912367013,0.33809729753463147,0.41723999323009225
01686,0.35280629042096373,0.5520496786520757,0.5218555188852217
01687,0.3207370737073707,0.2958352978154958,0.4617476033317616
01688,0.3494086908690868,0.5860914360666835,0.5288851412613789
01689,0.4022562256225622,0.394059405940594,0.5253568386792596
01690,0.3946259625962596,0.4046249919109557,0.5228751828863614
01691,0.373123312331233,0.42089701277820085,0.5387284561789513
01692,0.6673788431474725,0.5798954895489549,0.6516861686168617
01693,0.4201320132013201,0.532040401842382,0.5707800780078007
01694,0.3459152069053059,0.49408740874087403,0.6539858187499421
01695,0.37754637185330253,0.4863633506207763,0.4415710049265796
01696,0.4805328389981855,0.3712092042537587,0.6368983041921213
01697,0.3736028602860286,0.49312431243124305,0.6651195217560971
01698,0.39737505893446484,0.4754118479074798,0.44754515927783256
01699,0.24240924092409236,0.2991413427056991,0.4546974697469746
01700,0.5586221122112212,0.552010778000877,0.48785396946288023
01701,0.22487296348682484,0.35586201477290585,0.4259364523408862
01702,0.22274547967617275,0.34277594426109276,0.38932107496463925
01703,0.46152923786587147,0.4972882288228822,0.6216927407026416
01705,0.6089030331604588,0.6110437530627549,0.601174459882963
01706,0.5814631463146314,0.6338283828382837,0.6558195819581957
01707,0.5879537953795378,0.5849906729803415,0.5879331683168316
01708,0.5866666666666666,0.7686274509803921,0.6365151515151514
01709,0.5224559955995599,0.5142857142857143,0.4845342867620095
01710,0.6114851485148514,0.6747524752475248,0.761056105610561
01711,0.5316831683168317,0.7663366336633664,0.7663366336633664
01712,0.48455445544554454,0.699009900990099,0.6666666666666667
01713,0.5083545497406884,0.6046378322042731,0.8009900990099009
01714,0.5643564356435644,0.7316831683168317,0.7326732673267327
01715,0.7514851485148515,0.7614961496149615,0.8
01716,0.8514851485148514,0.7504950495049505,0.6673267326732673
01717,0.6514851485148514,0.8,0.7504950495049505
01718,0.5207920792079209,0.6306930693069307,0.5586138613861387
01719,0.597029702970297,0.56996699669967,0.7495049504950495
01720,0.5316831683168317,0.5798019801980197,0.7891089108910891
01721,0.6029702970297028,0.6737623762376239,0.7495049504950495
01722,0.5643564356435644,0.5931835491241432,0.7336633663366336
01723,0.4990099009900991,0.6158415841584159,0.8445544554455446
01724,0.3676096181046677,0.7112211221122112,0.6831683168316831
01725,0.7504950495049505,0.8504950495049505,0.7504950495049505
01726,0.767986798679868,0.8009900990099009,0.6504950495049504
01727,0.5316831683168317,0.597029702970297,0.597029702970297
01728,0.48960396039603965,0.6495049504950495,0.9
01729,0.373069306930693,0.7352871287128713,0.8336633663366337
01730,0.49151343705799155,0.6673267326732674,0.8033663366336633
01731,0.5495049504950495,0.8168316831683168,0.7666666666666667
01732,0.6316831683168317,0.799009900990099,0.8
01733,0.6333663366336633,0.7663366336633664,0.7495049504950495
01734,0.4752475247524752,0.6564356435643564,0.6844224422442244
01735,0.5326732673267326,0.7442244224422442,0.6663366336633663
01736,0.20149929278642142,0.274059405940594,0.3517491749174918
01737,0.37705128205128197,0.6326732673267327,0.6701576670272068
01738,0.5513201320132013,0.7316831683168317,0.756973125884017
01739,0.4797736916548798,0.6554455445544554,0.7730693069306931
01740,0.3833333333333333,0.4534653465346534,0.503960396039604
01741,0.4204620462046204,0.4534653465346534,0.4910891089108911
01742,0.597029702970297,0.4811881188118813,0.5316831683168317
01743,0.7216996699669967,0.7019801980198019,0.8514851485148514
01744,0.49801980198019813,0.5687128712871288,0.5693830921553694
01745,0.35445544554455444,0.4643564356435643,0.5164356435643565
01746,0.560891089108911,0.5831683168316831,0.7903818953323903
01747,0.3821782178217822,0.49035360678925033,0.5290664780763791
01748,0.4130693069306931,0.40722772277227726,0.5859185918591858
01749,0.5326732673267327,0.5316831683168317,0.5475247524752476
01750,0.29108910891089107,0.3827439886845827,0.42772277227722777
01751,0.41683168316831687,0.42970297029702975,0.5651107967939651
01752,0.383015993907083,0.4801980198019802,0.503960396039604
01753,0.5215841584158415,0.7072007200720072,0.6653465346534654
01754,0.5643564356435644,0.6662266226622662,0.599009900990099
01755,0.49801980198019813,0.5182178217821781,0.6990099009900991
01756,0.3683168316831683,0.42202970297029696,0.5934936350777935
01757,0.5653465346534654,0.799009900990099,0.8326732673267326
01758,0.42970297029702975,0.5630991670595631,0.619791175546126
01759,0.016039603960396043,0.04288928892889288,0.1014368071422527
01760,0.5607260726072607,0.5689768976897689,0.7257425742574257
01761,0.4878359264497877,0.6388448844884489,0.6391089108910892
01762,0.531023102310231,0.6138613861386139,0.5419141914191419
01763,0.4808065098007776,0.597029702970297,0.6871744097486672
01764,0.7742102781706742,0.8252475247524753,0.8504950495049505
01765,0.49801980198019813,0.514851485148515,0.4578500707213579
01766,0.6553760639221817,0.7834983498349836,0.7252475247524752
01767,0.6504950495049504,0.6504950495049504,0.7691831683168318
01768,0.6252475247524752,0.631559405940594,0.7151343705799151
01769,0.19793493635077794,0.30462046204620463,0.2326732673267327
01770,0.3236100533130236,0.36534653465346534,0.503960396039604
01771,0.6166336633663366,0.6243305044790193,0.5554455445544555
01772,0.4242011338230597,0.521938193819382,0.45994414826097996
01773,0.5555445544554456,0.5235973597359737,0.5897345386712585
01774,0.6031117397454031,0.6173267326732673,0.6876567656765676
01775,0.5923149457802923,0.5846534653465347,0.6445544554455445
01776,0.3186468646864687,0.4442244224422442,0.4046534653465346
01777,0.5653465346534654,0.5074257425742574,0.5316831683168317
01778,0.8504950495049505,0.8504950495049505,0.8252475247524753
01779,0.7504950495049505,0.7504950495049505,0.8
01780,0.5504950495049504,0.7504950495049505,0.7063118811881188
01781,0.4410891089108911,0.5495049504950494,0.4081908190819082
01782,0.4400990099009901,0.499009900990099,0.45792079207920794
01783,0.40532178217821785,0.5673267326732673,0.7346534653465346
01784,0.683910891089109,0.700990099009901,0.7603960396039604
01785,0.67007700770077,0.7442244224422442,0.8112211221122113
01786,0.5468882602545969,0.5614961496149615,0.6137713771377138
01787,0.8514851485148514,0.8,1.0
01788,0.46983498349834996,0.597029702970297,0.6306930693069307
01789,0.4756718528995757,0.5242574257425743,0.5643564356435643
01790,0.48602213162492724,0.5224932493249325,0.6158415841584158
01791,0.5028538147932441,0.5140682914445289,0.5720792079207921
01792,0.7516089108910892,0.7831683168316832,0.8418316831683168
01793,0.6638613861386139,0.7915841584158416,0.8221122112211223
01794,0.45693069306930695,0.599009900990099,0.5905940594059407
01795,0.700990099009901,0.7252475247524752,0.8
01796,0.43168316831683173,0.5316831683168317,0.41008100810081005
01797,1.0,1.0,1.0
01799,0.801980198019802,0.7504950495049505,0.9009900990099009
01800,0.8252475247524753,0.9504950495049505,0.9009900990099009
01801,0.5699669966996699,0.7349834983498349,0.700990099009901
01802,0.85,0.9,0.9252475247524753
01804,0.9752475247524753,1.0,1.0
01807,0.9168316831683168,0.9168316831683168,0.9504950495049505
01809,0.8504950495049505,0.9504950495049505,0.9252475247524753
01810,0.9504950495049505,1.0,1.0
01811,0.9,0.9,0.9
01819,0.9504950495049505,0.9252475247524753,0.9504950495049505
01824,0.9,0.9,0.9504950495049505
01828,0.9126237623762377,0.9504950495049505,1.0
01831,0.8333333333333333,0.7,0.8999999999999998
01833,0.8999999999999998,0.8999999999999998,0.9999999999999998
01834,0.8999999999999998,0.8999999999999998,0.8999999999999998
01835,0.9999999999999998,0.9999999999999998,0.9999999999999998
01836,0.7999999999999999,0.8999999999999998,0.8999999999999998
01837,0.8999999999999998,0.9999999999999998,0.9999999999999998
01838,0.8999999999999998,0.9333333333333332,0.9999999999999998
01841,0.9504950495049505,1.0,0.9252475247524753
01842,0.9252475247524753,0.9504950495049505,0.9174917491749174
01845,0.8252475247524753,0.8504950495049505,0.9
01846,0.7,0.6534653465346534,0.8267326732673267
01847,0.8669966996699671,0.9,0.95
01848,0.6504950495049504,0.7514851485148515,0.8009900990099009
01849,0.745049504950495,0.8252475247524753,0.91009900990099
01850,0.9,0.9,0.9834983498349835
01851,0.600990099009901,0.7504950495049505,0.8504950495049506
01852,0.9,0.9252475247524753,0.9504950495049505
01853,0.8504950495049505,0.8252475247524753,0.9252475247524753
01854,0.9504950495049505,0.9504950495049505,0.9252475247524753
01855,0.8504950495049505,0.9504950495049505,0.9257425742574258
01856,0.8666666666666666,0.8252475247524753,0.9
01857,0.8252475247524753,1.0,0.9504950495049505
01858,0.8252475247524753,0.8,0.9
01859,0.8009900990099009,0.8009900990099009,0.8504950495049505
01860,0.9504950495049505,0.9252475247524753,0.9504950495049505
01861,0.7252475247524752,0.7504950495049505,0.8504950495049505
01862,0.7504950495049505,0.9,0.9
01863,0.11445544554455442,0.3037961296129613,0.37068599717114564
01864,0.005610561056105611,0.17823657365736573,0.1464681496508389
01865,0.07273691654879774,0.25004950495049505,0.1899811640827948
01866,0.026980198019801983,0.11572452811783643,0.12861282643943833
01867,0.11376237623762372,0.12775913323342258,0.201324772988113
01868,0.10627062706270626,0.10988475037979988,0.20846654230640455
01869,0.03631188118811881,0.14551408987052553,0.1561126826968411
01870,0.07095709570957096,0.2256577086280056,0.23593234323432338
01871,0.12514851485148512,0.2355304101838755,0.29128343603591134
01872,0.1027227722772277,0.23059297138505058,0.1977577169481654
01873,0.07192362093352192,0.2688118811881188,0.3754760091393755
01874,0.07678217821782177,0.2943069306930693,0.36425428257111425
01875,0.07990099009900989,0.2120792079207921,0.4252475247524751
01876,0.0849009900990099,0.2619351935193519,0.3613376043486701
01877,0.22153465346534654,0.30124823196605377,0.4278877887788778
01878,0.18018064964391173,0.26489273927392737,0.38427489807804305
01879,0.13818953323903815,0.30103135313531354,0.36680837726629806
01880,0.18613861386138614,0.17919634820624922,0.3298738182088885
01881,0.22277227722772275,0.25075318246110323,0.3656559405940594
01882,0.1634323432343234,0.23404290429042907,0.3287953795379538
01883,0.1344224422442244,0.25973597359735967,0.2966760961810466
01884,0.19356435643564351,0.3682838283828383,0.4276515472060026
01885,0.14125412541254123,0.20486091466289486,0.3370745744525191
01886,0.17121884602253326,0.1651342781336957,0.2575091193329859
01887,0.18415841584158416,0.20862405358182876,0.2959405940594059
01888,0.21966053748231965,0.16434353939595642,0.34785478547854787
01889,0.2065659197498697,0.1653132540144771,0.3648150968943048
01890,0.16927864214992927,0.19140699784264142,0.29128712871287127
01891,0.12237623762376235,0.1197029702970297,0.2752750275027503
01892,0.08523102310231022,0.26854471161401855,0.3399339933993399
01893,0.19933993399339933,0.3059280213735659,0.335973597359736
01894,0.0764906490649065,0.19286666303993033,0.43278899318503283
01895,0.04468646864686469,0.24588101667309586,0.36168316831683167
01896,0.06156889373147841,0.25747246783501876,0.4124752475247524
01897,0.21485148514851488,0.30330516178168687,0.3484163269268103
01898,0.26148514851485144,0.45922218595485925,0.3694754882925805
01899,0.2628382838283828,0.39695535487614697,0.32381683168316827
01900,0.2016158758733016,0.41528331404569024,0.3238597114397929
01901,0.2897312588401697,0.457492245465148,0.476320599671303
01902,0.2319059405940594,0.34782049633534784,0.454995499549955
01903,0.25150165016501647,0.45028134801057734,0.4795017219113215
01904,0.23325082508250827,0.3431164545025931,0.35008042821088836
01905,0.22854785478547854,0.3976572619667982,0.44241432647101026
01906,0.31270627062706274,0.45787240378173155,0.5379054238486234
01907,0.3070957095709571,0.4167703913248467,0.5207765701382168
01908,0.32268741159830266,0.4118811881188119,0.39107889360364606
01909,0.33833097595473827,0.417955366965268,0.47933506132568143
01910,0.3157865786578658,0.36053041018387555,0.5490629420084866
01911,0.29019801980198023,0.39930143014301434,0.5023902810449112
01935,0.19750676711089254,0.26394204290049905,0.30156184448644485
01936,0.15940739248354321,0.3062206269618751,0.3697290650746243
01937,0.16568023974581775,0.19260026823839507,0.15936117914701614
01938,0.19774959754179,0.27352190049704567,0.29928371799200704
01939,0.21565944699148648,0.32838398692818005,0.410270564072865
01940,0.23802860128587552,0.29796764550818616,0.3284431196043148
01941,0.21468144488588387,0.31664834623793003,0.31853871233303727
01942,0.19476951853136773,0.2711094082631038,0.3012348828423543
01943,0.24197727059679877,0.3858235582970557,0.35737067307712894
01944,0.2672602137658628,0.2827466790492941,0.3366995369903009
01945,0.2649247978579634,0.33430633064208976,0.3568754678859306
01946,0.2056813170870781,0.28127268344421147,0.37005135885782015
01947,0.20923215197279452,0.3001883261581139,0.3771418133622898
01948,0.21111419036356863,0.29627800399949267,0.3826751027561851
01949,0.16815498590515007,0.27546005275711205,0.29300673402689326
01950,0.19791598581865957,0.2808664497594256,0.3671058037388756
01951,0.16231611021126283,0.32111140438040553,0.37219678954920304
01952,0.18402137974655913,0.32278901877848604,0.40052981974952784
01953,0.21113999878691211,0.3492416858798958,0.4030429043632256
01954,0.2516750594683618,0.34032608696414257,0.4526215967626153
01955,0.24327470210079993,0.3700695575400582,0.41557025609696846
01956,0.21899965324696447,0.32431352902058963,0.3061789596051686
01957,0.2879655589663072,0.3148330325180679,0.47466391660726437
01958,0.24506227190694924,0.35207736212440266,0.31873585849742486
01959,0.2816942161575838,0.36103975585814674,0.3760776064815503
01960,0.2734507806968584,0.40022262920703067,0.41654744300028357
01961,0.24217405921650262,0.39672500879727235,0.3917246686645329
01962,0.24858620058763145,0.41272641909660307,0.3823471580826659
01963,0.26537966189836437,0.37417749917459736,0.3524432234543083
01964,0.2548100099379512,0.3445599687441077,0.3914112860133587
01965,0.29654312552729317,0.3661088659833422,0.39237594303939394
01966,0.31119618397321985,0.3501237075979405,0.4011202875934082
01967,0.2996163480431616,0.3167716211789072,0.3514997043435023
01968,0.22999609136210825,0.3019372260069488,0.37148490169627324
01969,0.2315818122684731,0.382849607402397,0.4197437287974214
01970,0.19692748743704552,0.31622988904471677,0.3627907525856245
01971,0.2480777075145681,0.3541922639741491,0.3470391651705905
01972,0.2311705072214035,0.2866464314791568,0.3209911130370815
01973,0.1733612342622222,0.2757782710487219,0.3360244551110138
01974,0.2644952155634285,0.29514519427038033,0.34118202220023086
01975,0.2432936336655826,0.3151125560683956,0.37639694412206226
01983,0.0986914761154146,0.23820006759544818,0.3442841660201136
01984,0.16605691178462745,0.2597824484632757,0.37797122321652393
01985,0.16222493808516855,0.3041218937808984,0.2936588754796448
01986,0.19131928818151384,0.22661741911143993,0.29749413883919645
01987,0.13234765869827164,0.20228898613242655,0.27832797980876056
01988,0.14022974320850073,0.19198437576269547,0.30805286812876087
01989,0.1459896904243077,0.2585092407949872,0.2774397558128868
01990,0.0741739381546756,0.18241645815517765,0.2281267612561622
01991,0.13855583039804825,0.24812027509245707,0.247951057701535
01992,0.19454585248753622,0.381613386831623,0.402212631985598
01993,0.20113189125117054,0.3005555890842206,0.32255362571239216
01994,0.8613861386138615,0.7953795379537953,0.8349834983498351
01995,0.6872937293729372,0.7290429042904291,0.7453795379537953
01996,0.7854785478547852,0.7953795379537952,0.8737623762376238
01997,0.7223950966525223,0.8316831683168318,0.8316831683168315
01998,0.7415841584158417,0.848184818481848,0.801980198019802
01999,0.7963224893917961,0.8316831683168315,0.9123055162659123
02000,0.7425742574257426,0.8503850385038504,0.9174917491749174
02001,0.7303630363036302,0.7773691654879774,0.8976897689768976
02002,0.721122112211221,0.9207920792079207,0.889108910891089
02003,0.6935478547854785,0.8663366336633663,0.872937293729373
02004,0.7216643092880717,0.8735502121640735,0.8579207920792079
02005,0.7837592330661636,0.941089108910891,0.9130363036303629
02006,0.7346888260254596,0.9336633663366337,0.8574257425742575
02007,0.7400990099009901,0.8891089108910892,0.8971947194719471
02008,0.7875401825896875,0.8747524752475249,0.8695426685525696
02009,0.7694342291371993,0.8326732673267326,0.8663366336633663
02010,0.8970297029702969,0.8762376237623762,0.9207920792079207
02011,0.8881188118811881,0.8841584158415842,0.8633663366336635
02012,0.7330518345952242,0.8267326732673267,0.9092409240924091
02013,0.8349834983498349,0.9009900990099009,0.8762376237623762
02014,0.8045261669024045,0.8184818481848184,0.8762376237623762
02015,0.6134763476347633,0.7041804180418042,0.8128712871287128
02016,0.5298552932216299,0.76001885902876,0.8143691292206144
02017,0.5374351720886373,0.7036932264655037,0.7990099009900989
02018,0.42387322223683477,0.6365865157944366,0.6553015301530153
02019,0.5627146748075618,0.7019053727235072,0.7350306459217351
02020,0.5743124312431244,0.6845318742400558,0.7296204620462048
02021,0.3402263083451202,0.47851485148514855,0.5177527752775276
02022,0.5297029702970297,0.6039603960396039,0.7575526783447575
02023,0.5326732673267328,0.7604722010662601,0.9326732673267326
02024,0.6534653465346535,0.7564356435643564,0.6266831683168317
02025,0.9554455445544555,0.9336633663366337,1.0
02026,0.9336633663366337,0.9554455445544555,0.9445544554455445
02027,0.9442244224422442,0.9554455445544555,0.9663366336633663
02028,0.9112211221122113,0.9554455445544555,1.0
02029,0.8336633663366337,0.8891089108910892,0.8227722772277228
02030,0.8336633663366337,0.85,0.8891089108910892
02031,0.8673267326732674,0.871410891089109,0.9
02032,0.8554455445544555,0.8663366336633663,0.8666666666666668
02033,0.7347949080622348,0.7396039603960396,0.7619047619047619
02034,0.8034653465346535,0.8257425742574258,0.8504950495049505
02035,0.767986798679868,0.7648514851485149,0.8381188118811881
02036,0.752970297029703,0.8227722772277228,0.8336633663366337
02037,0.7996699669966996,0.9336633663366337,0.8891089108910892
02038,0.9336633663366337,0.8891089108910892,0.9336633663366337
02039,0.6552255225522552,0.7742574257425743,0.8881188118811881
02040,0.8403465346534654,0.7997171145685997,0.8514851485148516
02041,0.9,0.9554455445544555,0.9336633663366337
02042,0.8,0.8663366336633663,0.8891089108910892
02043,0.9336633663366337,0.8336633663366337,0.9
02044,0.45933700557278434,0.5537476961981912,0.6118572305735557
02045,0.39166827099376605,0.5813283625355193,0.6229559012528733
02046,0.40190621874175597,0.6137214453455272,0.6414681000263768
02047,0.4462343899225088,0.5913712804282909,0.6687938062521154
02048,0.40235496878442417,0.4955133439168093,0.6415019085942207
02049,0.39164374770810423,0.5712040098797525,0.6206397480799315
02050,0.4896060759922147,0.5751459190036651,0.6917959089141995
02051,0.34423488859183404,0.5462699939461734,0.4714342000580798
02052,0.4538050055005501,0.6298498699076257,0.6093247908534697
02053,0.41698035081285906,0.5605474227331261,0.6023856625428624
02054,0.6292117562243765,0.5277491801377939,0.657202727987621
02055,0.4295642284816717,0.6341330313155539,0.6609448252517559
02056,0.4279709518570904,0.6405722715128656,0.6768734771619566
02057,0.485578053173305,0.6078936098738078,0.6740256787712933
02058,0.4450891041485101,0.6075462553987265,0.7504153420661215
02059,0.4407380201426194,0.6674703184604175,0.6163348116840285
02060,0.3703168316831683,0.5385917745620715,0.5625269049816033
02061,0.43013133725046854,0.5683561817720234,0.6133784378437843
02062,0.49188457685054215,0.6332355202553223,0.7327618320342673
02063,0.5799737124875278,0.7016652169875371,0.6855532201571806
02064,0.5463735659280213,0.6870672245796007,0.7333808482784704
02065,0.5862438559126849,0.7019799596954769,0.7285850278576244
02066,0.5470450033725177,0.6388366337738517,0.7227386707969042
02067,0.44150191804894773,0.6904647682511964,0.6416597865143657
02068,0.44504125412541257,0.6259394556671783,0.6802144449967596
02069,0.4646049426371208,0.6710715219019883,0.7023623350108498
02070,0.5710930671148347,0.6922139713971397,0.6843674219338309
02071,0.5149748872277983,0.6506067731074417,0.6580065462590216
02072,0.4617019363590493,0.6233953947595572,0.5749973101705774
02073,0.48898735150631084,0.6176707431301199,0.66925702490884
02074,0.4354481900187633,0.6539668794068347,0.6423729337733464
02075,0.4622877049609722,0.5927183384387505,0.6684292232722404
02076,0.4768879967828715,0.6447975259064368,0.7184435247379726
02077,0.5111239516808823,0.6524452308067246,0.679961795859073
02078,0.5613923433173863,0.7014430979535978,0.7568870863131859
02079,0.44302933727438676,0.679302509587163,0.7069952656761043
02080,0.5780831041437476,0.6716130469934974,0.7196502869151383
02081,0.5696094609460945,0.6454162833163112,0.7328784768308233
02082,0.5889294192577151,0.6460359255387237,0.7196958524756129
02083,0.4130979883702656,0.5718808740394162,0.5735734215578421
02084,0.4166560655877281,0.6925171765075667,0.6592715470405391
02085,0.4365444940098405,0.62143584724546,0.6335804913824715
02086,0.5043911534010544,0.6789790533514215,0.6413446302613455
02087,0.54860016271662,0.7629537953795379,0.7179042904290429
02088,0.5771552337564584,0.7202020976745561,0.728261763204209
02089,0.6560653386767248,0.7432068206820682,0.7452523180889515
02090,0.6725385038503849,0.7913311331133112,0.7891964196419642
02091,0.5255301244410154,0.7411771347730306,0.6790527267012415
02092,0.5188050055005501,0.7440391024396557,0.7688541753334995
02093,0.5561806482459111,0.672326627865537,0.6593793623059785
02094,0.441241137590848,0.6787024796035503,0.650054582381315
02095,0.3610843941537011,0.5130582123012835,0.6150566448642957
02096,0.32885633068801384,0.5115804196773911,0.5633489044393161
02097,0.3451593033252905,0.48065924615987365,0.5619499807123569
02098,0.3114097123998114,0.40907421511381903,0.5624857930626866
02099,0.35304101838755303,0.5326359696409202,0.567922363664938
02100,0.37386138613861386,0.4394895021417035,0.5690215638105164
02101,0.43831849256354205,0.5229584470016633,0.648484015337666
02102,0.39917256011315416,0.5449160263516699,0.5853767685481507
02103,0.4314335540696927,0.5526874115983026,0.5427810903816552
02104,0.5499834983498351,0.6232912302219231,0.7270037718057519
02105,0.6186562942008486,0.7092403946276981,0.7330059304852777
02106,0.42567185289957565,0.5956034889203206,0.6587223008015087
02107,0.43125666412795133,0.5799427765357181,0.6548479490806223
02108,0.41346660380323746,0.49013083451202266,0.5866869816921928
02109,0.3983003300330033,0.3943820112738347,0.5611261336217656
02110,0.30666185039556587,0.5029943554044647,0.6125072801397786
02111,0.47383175817581763,0.5389537408018533,0.6100870166592256
02112,0.46433975265658434,0.5913080731150038,0.6919496385122383
02113,0.38738841376397704,0.5374666038032375,0.7101515069089327
02114,0.2747202582653224,0.46508312678475167,0.5440785558147652
02115,0.24232673267326735,0.2605450684412704,0.30865430334750293
02116,0.22577557755775576,0.2832009070557241,0.3203188354549741
02117,0.2160651211002107,0.3554337576614804,0.453525015197934
02118,0.3082126069749832,0.39236759390224735,0.3695429032033638
02119,0.27760218329525255,0.33578442626871385,0.3789908606245241
02121,0.2913304723329476,0.4472055845694459,0.5253734209627858
02122,0.49871287128712866,0.5144022735606893,0.6609178060663209
02125,0.6429183683015768,0.6174823196605375,0.627567783374082
02126,0.544489627534182,0.6643683466090969,0.6743642272900193
02129,0.4891036635176123,0.5058589924926559,0.5262871287128712
02130,0.4762858593551663,0.48794554455445543,0.5724734278662106
02131,0.44950917108517563,0.5285346534653466,0.573279468924336
02132,0.5308090193634747,0.5489042904290429,0.6094595990211267
02133,0.4815401069033859,0.5541226915244716,0.5550911124394173
02134,0.5406885688568855,0.6779221672167216,0.7709708470847084
02135,0.506019744831626,0.6831683168316832,0.6058085808580858
02136,0.5439525053695846,0.6711124683896961,0.7177342558233138
02137,0.562992057447503,0.7029042904290428,0.6094605889160344
02138,0.5670762940955749,0.7364356435643563,0.7012541254125412
02139,0.5102492609606738,0.6583222323848432,0.7150558759967958
02140,0.36898286971554295,0.4561270048837768,0.551710136129892
02141,0.5737528181389567,0.6707554439654491,0.7049844050339098
02142,0.608853439278499,0.7057387661843105,0.6609625962596258
02143,0.6333333333333332,0.6066666666666666,0.6
02144,0.6940181518151814,0.7417491749174916,0.7504950495049504
02145,0.4846666666666666,0.6616579443658651,0.6932544897346876
02146,0.5864026402640263,0.686024008994306,0.6984832656935162
02147,0.5076253339619676,0.5082623475285534,0.5286328545651966
02148,0.5870268551580433,0.7069631070249882,0.6651724422442244
02149,0.4851980198019802,0.6025941235149156,0.757908711923824
02150,0.5196147046023283,0.7078852701059578,0.6907512957178069
02151,0.3746985220261156,0.6936707527895647,0.6875583986970124
02152,0.3927619780077555,0.5776676590735996,0.6243222322232223
02153,0.6574438086665808,0.6942046204620462,0.7436333633363336
02154,0.5125921884549319,0.6777601164371756,0.7084912314760887
02155,0.5867555505550553,0.6664913366336633,0.717386158258683
02156,0.6123564356435642,0.6951004243281471,0.5913991041961338
02157,0.6885417256011316,0.7100478947054368,0.7079774448033038
02158,0.46449394939493943,0.57403300330033,0.581136445394702
02159,0.5382442111584195,0.616158270772132,0.6760002730118019
02160,0.4841338133813381,0.5461802051285268,0.5883468327477909
02161,0.5204814638780245,0.5421676096181047,0.5456820682068206
02177,0.3539975247524752,0.46100204848071,0.5538138813881388
02178,0.3095162659123055,0.4201319256206911,0.41124721043532925
02179,0.44516556655665573,0.5052475247524753,0.5813538384550384
02180,0.4455712714128556,0.5144997642621405,0.5684413012729845
02181,0.37845159515951593,0.5463920602586574,0.5296761819039046
02183,0.4480335533553355,0.6217088375504216,0.7133195819581957
02184,0.48021373565928016,0.6266591659165917,0.6430535910733929
02186,0.3970874587458745,0.5767752270916745,0.6942277227722771
02187,0.5473267326732673,0.6585977420135836,0.6901072607260725
02188,0.4037046204620462,0.6323172006641657,0.6713675742574257
02189,0.42220591702027344,0.6613006836397926,0.6595386942540408
02190,0.4044835680213481,0.5000902876001885,0.5301828452075976
02192,0.5863116137964541,0.6389738252671421,0.668107500549386
02193,0.4736614281558799,0.5675366196836402,0.6895030726311694
02194,0.47519479673344267,0.6258500829462359,0.5497492455110095
02195,0.40584074535273074,0.5086117089653623,0.6053326497570938
02196,0.5329756600660066,0.5823568964039261,0.6561124263834008
02197,0.6047578590241706,0.6950076613837722,0.7285000386695772
02198,0.5696231722073306,0.7217923428287527,0.751969576078487
02199,0.7157527225834711,0.7851250940909225,0.8224051460193139
02200,0.5678238631644092,0.6103135313531353,0.6381435643564356
02201,0.6084543454345434,0.630643832918554,0.6800536303630362
02202,0.7762762182811688,0.8156177147500753,0.7254609980262171
02215,0.4788233572179825,0.6080513703544267,0.6857637302191756
02217,0.38653630290052443,0.5166710886954757,0.44855400572307585
02218,0.36440713990597506,0.46988606154571494,0.4438362511063136
02219,0.5347078597587813,0.6006948118585845,0.552151411376142
02220,0.4860294021958027,0.5753774031249277,0.6402567578186389
02221,0.5272374114679734,0.6079954431448282,0.7132959401123038
02222,0.637298878384079,0.7242064474304573,0.678590609060906
02223,0.340231163915922,0.515149412309652,0.5789159685199289
02224,0.3062269400016925,0.5007808280828082,0.5302606792272634
02225,0.4040873361491871,0.5673504218553724,0.5471413383584016
02226,0.4136327204148986,0.6616707920792078,0.6946266501650165
02227,0.43751709099481373,0.5668590530271514,0.684158415841584
02228,0.45836083608360834,0.5433720991146734,0.6356142147770506
02230,0.5102209786196011,0.5710664191419142,0.6631356691703653
02231,0.3301361386138614,0.4208168316831683,0.5583593885704359
02232,0.3790429042904291,0.4956529938708156,0.5836633663366336
02233,0.32128174773999135,0.42687765205091943,0.4965181518151815
02234,0.3722829574624128,0.6667609618104666,0.5011421499292786
02235,0.41270594510727826,0.4993531353135313,0.5148633363336332
02236,0.3012236090442115,0.45759471072525315,0.5058387043307911
02237,0.33904414655340737,0.49733244478293975,0.5388412955072597
02238,0.3613548806803757,0.4587780756097587,0.5027108342702401
02239,0.5707651332360126,0.7404416080344296,0.7915736542141607
02240,0.6358296778485137,0.7470726179760833,0.6832322645960656
02241,0.729449976728442,0.6895710260681239,0.697506756880052
02242,0.7125247524752474,0.8050495049504949,0.7663366336633662
02243,0.6757425742574257,0.7344719471947194,0.7057991513437057
02244,0.7242299229922992,0.713091309130913,0.7484158415841584
02245,0.6959570957095709,0.6795229522952294,0.6976237623762376
02246,0.6606126237623762,0.732054167119305,0.7497651634911389
02247,0.6965511551155115,0.763118811881188,0.8012882867234091
02248,0.6812588401697312,0.683648043375766,0.7382838283828382
02249,0.7150495049504949,0.7036963696369637,0.7236828682868286
02250,0.48042904290429034,0.5858261826182618,0.7536138613861385
02251,0.4238448844884488,0.5404771632484909,0.5461332190911399
02252,0.7213460631777462,0.717015034836817,0.7310044714148833
02253,0.766184310738766,0.8121287128712871,0.7899929278642148
02254,0.8999999999999999,0.9145214521452145,0.8364356435643563
02255,0.7472566006600658,0.7126402640264025,0.7381188118811881
02256,0.8216171617161716,0.8715523338048089,0.8839933993399338
02257,0.7425035360678923,0.7584158415841582,0.7680011479408809
02258,0.7043140028288541,0.7132013201320131,0.7648189818981896
02259,0.7491601838755303,0.8579207920792078,0.8741914191419141
02260,0.7734488448844884,0.8502750275027502,0.8190649064906491
02261,0.7224422442244224,0.8052805280528051,0.8029203009586672
02262,0.7723479490806223,0.833168316831683,0.8287788778877887
02263,0.7364686468646864,0.8074964639321074,0.7862128712871286
02264,0.7473597359735973,0.7610734757686295,0.8168316831683167
02265,0.7616336633663365,0.7919391939193918,0.78016501650165
02277,0.8374999999999999,0.8198019801980196,0.8063531353135311
02278,0.7418316831683167,0.8549504950495048,0.8344884488448844
02279,0.8922442244224421,0.927992799279928,0.939108910891089
02280,0.8365511551155114,0.9207920792079206,0.8927392739273927
02281,0.888118811881188,0.8819306930693068,0.9004950495049504
02302,0.40015541424832135,0.46731552478556126,0.5599363507779349
02303,0.23847241867043847,0.3556793179317932,0.5354785478547855
02313,0.2318111983612154,0.4085337105139085,0.5297816409547932
02315,0.2650990099009901,0.3103780149820256,0.3751170402490229
02316,0.3190914385556203,0.4358277564715406,0.46149481628324773
02317,0.4512130999103381,0.6328300330033003,0.6078147100424327
02319,0.2257095709570957,0.25705218873535707,0.35487093352192367
02320,0.1926162616261626,0.3154155415541554,0.38171381423856665
02321,0.21024642464246424,0.41023491500093406,0.43206820682068203
02322,0.15876944837340878,0.29725954738330973,0.34395332390381894
02323,0.12280940594059406,0.22709570957095704,0.2772057205720572
02324,0.15136727958510138,0.15080799151343705,0.180512680388918
02325,0.15093145404766042,0.20764576457645761,0.28263719536857873
02326,0.19056925206095268,0.27976647301534024,0.30934268281385346
02327,0.11025651771526361,0.18895304306341,0.2673429702429544
02328,0.18617067674509383,0.21862647947770353,0.24610668976714012
02329,0.1461765369083492,0.17973391868107502,0.24379871752678772
02330,0.11079304787385275,0.2433638072453862,0.27292918936962246
02331,0.1851237908469936,0.225416229350318,0.3714136413641364
02332,0.23277810687051606,0.28405229244728986,0.36672346872696315
02333,0.23895340724548642,0.31679952610645673,0.3656695156695157
02334,0.258721754528394,0.2602310231023102,0.36929592959295926
02335,0.2997363362709897,0.34890853371051395,0.40078474514118084
02336,0.2735030645921735,0.3764733616218765,0.41538174421837787
02337,0.2289108910891089,0.4551037246581801,0.4262573757375738
02338,0.7683003300330032,0.7784378437843783,0.8336633663366335
02339,0.6185918591859184,0.6,0.7168316831683167
02340,0.5504950495049504,0.6514851485148514,0.5722772277227722
02341,0.4544554455445543,0.6854785478547855,0.6854785478547855
02342,0.4663366336633663,0.690947666195191,0.7336633663366336
02343,0.40887788778877876,0.6653465346534654,0.6400990099009901
02344,0.7504950495049505,0.7252475247524752,0.7252475247524752
02345,0.8174917491749175,0.8504950495049505,0.7504950495049505
02346,0.8009900990099009,0.8504950495049505,0.8514851485148514
02347,0.402970297029703,0.6037403740374037,0.5793316831683168
02348,0.47656765676567653,0.603019801980198,0.5251996167358671
02349,0.5227722772277228,0.48363979255068357,0.5742332769862353
02350,0.4059697146185206,0.5293693499784762,0.39153165316531646
02351,0.4323432343234323,0.599009900990099,0.599009900990099
02352,0.39034653465346536,0.399009900990099,0.43267326732673267
02353,0.30960396039603966,0.27044554455445546,0.5373762376237623
02354,0.4985148514851485,0.33613861386138616,0.6948019801980199
02355,0.43217821782178223,0.5405940594059405,0.6034653465346534
02356,0.3616831683168316,0.35138613861386137,0.5189603960396039
02357,0.2985148514851485,0.28939179632248946,0.36896039603960396
02358,0.31076732673267327,0.3840759075907591,0.4424092409240924
02359,0.5534653465346534,0.4578382838283828,0.5556105610561056
02360,0.40148514851485145,0.38077557755775576,0.585028502850285
02361,0.5510136727958509,0.6014851485148515,0.7306930693069306
02362,0.5485148514851484,0.5056577086280056,0.6663366336633663
02363,0.24331683168316834,0.5643564356435642,0.539108910891089
02364,0.6432343234323432,0.44344059405940595,0.7844884488448844
02365,0.43861386138613856,0.45040075436115035,0.5512494106553512
02366,0.345049504950495,0.43077557755775575,0.5574257425742574
02367,0.38861386138613857,0.42861386138613855,0.5762376237623762
02368,0.32211221122112216,0.35528052805280524,0.5739273927392738
02369,0.3202970297029703,0.3356105610561056,0.3262376237623762
02370,0.345049504950495,0.445049504950495,0.3386138613861386
02371,0.3931143114311431,0.49430693069306925,0.7628712871287129
02372,0.4584158415841584,0.44438943894389443,0.6584158415841583
02373,0.4584158415841584,0.4584158415841584,0.6833333333333333
02374,0.46683168316831686,0.7584158415841583,0.75
02375,0.45,0.7333333333333334,0.6113861386138614
02376,0.4336633663366337,0.4,0.5836633663366337
02377,0.4445544554455446,0.4191654879773692,0.4584158415841584
02378,0.44183168316831684,0.4554455445544555,0.46683168316831686
02379,0.9112211221122113,0.9168316831683168,0.9168316831683168
02380,0.8336633663366337,0.8663366336633663,0.9168316831683168
02381,0.8554455445544555,0.861056105610561,0.9
02382,0.7673267326732673,0.761056105610561,0.8336633663366337
02383,0.7633663366336634,0.9,0.8381188118811881
02384,0.9195544554455445,0.8628712871287127,0.9085808580858086
02385,0.8745874587458745,0.8861386138613861,0.9102310231023102
02386,0.8297029702970296,0.8539603960396038,0.8217821782178216
02387,0.7696369636963696,0.8284082254379284,0.8801980198019802
02388,0.8217821782178218,0.8920792079207921,0.8613861386138613
02389,0.7850070721357849,0.833993399339934,0.8509900990099009
02390,0.7701320132013201,0.8242574257425742,0.9405940594059405
02391,0.6511161116111611,0.7662417181567781,0.8118050266565117
02392,0.869059405940594,0.8993399339933994,0.8445544554455445
02393,0.9336633663366337,0.8346534653465347,0.8943069306930693
02394,0.7195544554455445,0.8316831683168318,0.8257425742574258
02395,0.7844884488448844,0.7927392739273926,0.8319306930693069
02396,0.867043847241867,0.8658415841584158,0.9405940594059405
02397,0.8514851485148516,0.893069306930693,0.8707920792079207
02398,0.8564356435643564,0.9102310231023102,0.9554455445544555
02399,0.9207920792079207,0.891089108910891,0.8732673267326732
02401,0.7861386138613862,0.7930693069306931,0.8801980198019802
02402,0.6565063649222065,0.6556930693069307,0.6628712871287129
02403,0.6227722772277228,0.7960396039603961,0.7456859971711457
02404,0.5606789250353608,0.7372937293729371,0.7663366336633664
02405,0.5524752475247525,0.604546665846709,0.7380150872230079
02406,0.7491513437057989,0.8102545968882602,0.7344413012729845
02407,0.5080858085808581,0.5727722772277226,0.5727722772277227
02408,0.5469276826331282,0.6206506364922207,0.7265912305516267
02409,0.657991513437058,0.6957920792079207,0.725603810381038
02410,0.6116602094992108,0.7287953795379537,0.6928217821782179
02411,0.7452970297029703,0.8147524752475247,0.820848656294201
02412,0.6074257425742575,0.6842821782178218,0.6240924092409241
02413,0.7792079207920792,0.8082508250825082,0.8006600660066006
02414,0.7755775577557756,0.8745874587458745,0.8328712871287127
02415,0.7425742574257426,0.7821782178217822,0.784843869002285
02416,0.6892739273927393,0.7071803890915407,0.7445073078736445
02417,0.8016501650165017,0.8745874587458745,0.8349834983498351
02418,0.7151815181518152,0.7876237623762375,0.7693069306930693
02419,0.7541914191419142,0.7663366336633664,0.7366336633663366
02420,0.7797736916548796,0.8762376237623762,0.8405940594059406
02422,0.6301980198019802,0.8076379066478075,0.7463224893917964
02423,0.707920792079208,0.8257425742574256,0.8168316831683168
02424,0.5968646864686469,0.7300330033003298,0.8574257425742573
02425,0.6513531353135313,0.694059405940594,0.6832783278327832
02426,0.6884488448844885,0.7777227722772277,0.7584724186704385
02427,0.6965818010372468,0.7663366336633666,0.8028052805280528
02428,0.621980198019802,0.7937293729372937,0.696039603960396
02429,0.3668316831683168,0.4452970297029703,0.4638613861386139
02430,0.28861386138613865,0.3037953795379538,0.5025548206994612
02431,0.366077322017916,0.4268976897689769,0.7079207920792079
02432,0.30070349140177177,0.34603960396039607,0.37503536067892496
02433,0.3053855385538554,0.4726072607260725,0.35148514851485146
02434,0.33483348334833485,0.3589108910891089,0.5239273927392739
02435,0.4445544554455446,0.48316831683168315,0.7168316831683168
02436,0.22939720442632497,0.4881188118811881,0.4783946251768034
02437,0.40940594059405944,0.46683168316831686,0.48019801980198024
02438,0.27755775577557756,0.28910891089108914,0.3666666666666667
02457,0.4156942248846732,0.5387452955821898,0.5505922657231583
02458,0.3614457160001714,0.6349059667871548,0.5565082508250825
02459,0.2174466726175723,0.508223314615773,0.5388220947928244
02460,0.48535800674469726,0.5227384906096711,0.6479116572371523
02461,0.3031571041719556,0.5185799782985817,0.5280912873896084
02462,0.19979638820063933,0.3471682898188711,0.3346149875181359
02463,0.1860255357833261,0.2956457210775252,0.38013760283591386
02464,0.362804635350753,0.40594749584848594,0.45470695497643404
02465,0.40513672986731863,0.5150700665304625,0.5866941694169416
02466,0.48546597516894535,0.618241099109911,0.5874235489958862
02467,0.3871674786526272,0.5126525747812876,0.5503799177871751
02481,0.4406584136674537,0.48997721200691496,0.5703921106396354
02482,0.4381353135313531,0.36795000508454206,0.31636439834459634
02483,0.3535944748320986,0.4634599946481135,0.4507350735073507
02484,0.16444860854371882,0.18550474095028555,0.2000230380180876
02485,0.2531805402762498,0.30257425742574257,0.3872308659437373
02486,0.2874587458745874,0.3210334654155071,0.368073180944468
02487,0.18490099009900993,0.2598349834983498,0.2649679673849738
02488,0.14109178866604608,0.2867994656608518,0.32193702906053084
02489,0.25742574257425743,0.4103715728715729,0.3601697646045439
02490,0.24328791853544326,0.41681773295895236,0.42575257525752574
02491,0.2845526219288595,0.423078736445073,0.4119646908668459
02492,0.3645646707527896,0.40955660783469655,0.517658911281199
02493,0.25713777971203716,0.3494731771313777,0.38066372766308887
02494,0.34625891160544625,0.38148698892445637,0.6016543109025542
02495,0.3082188218821883,0.3166544868772592,0.4073694869486948
02496,0.29455445544554454,0.5722772277227722,0.5623952779893373
02497,0.3022945151658022,0.5028877887788779,0.44053116210635834
02498,0.19075157515751573,0.34979793897757117,0.40390732823282327
02499,0.3162069778406412,0.45450723643792956,0.5262376237623763
02500,0.3282178217821782,0.43080308030803083,0.4524914911533797
02501,0.2289191419141914,0.32658043745551024,0.4056374089789931
02502,0.1495338283828383,0.27317028467072385,0.2750977296005463
02503,0.17146786107182144,0.2318776108380069,0.21811213215916186
02504,0.22696163366336636,0.34278382753789965,0.3031950035662907
02505,0.1959756600660066,0.2623380662242048,0.3296190869086908
02506,0.27106223318714767,0.35362073088051016,0.46497230279955026
02507,0.3343444344434443,0.37931007386452925,0.4593802879094984
02508,0.33540782649693535,0.46303545869179846,0.48027569056528946
02509,0.382068206820682,0.5177903504636178,0.5114382490880667
02510,0.5679207920792078,0.6831683168316831,0.7014686468646865
02511,0.43636138613861386,0.5762022630834513,0.5787623762376237
02512,0.30445544554455445,0.5077007700770076,0.5152056157996752
02513,0.3333663366336634,0.61006600660066,0.6974422442244225
02514,0.35264026402640264,0.32444440308692524,0.4401068678296401
02515,0.17552255225522553,0.34667609618104667,0.38357992968080845
02516,0.12764655036932263,0.32789067368275293,0.3648814881488149
02517,0.15715857300015715,0.2921050855085509,0.5204227565613704
02518,0.20699198491277693,0.2742574257425743,0.6460396039603961
02519,0.3698888158046574,0.39760176017601756,0.5601650165016502
02520,0.36709099481376706,0.5409228230515359,0.6173267326732672
02521,0.6056279312141739,0.6807425742574258,0.7308136582889058
02522,0.566996699669967,0.7365346534653465,0.7173267326732673
02526,0.6663366336633663,0.7747524752475247,0.8528712871287129
02527,0.5206152758132956,0.9,0.8831683168316831
02531,0.6822772277227722,0.7542491749174918,0.8831683168316832
02532,0.6584158415841583,0.8202970297029704,0.7252475247524752
02533,0.8004950495049505,0.7420792079207921,0.8
02534,0.5933168316831683,0.7585808580858087,0.6962871287128714
02535,0.633993399339934,0.6015470297029704,0.6163366336633663
02536,0.7033663366336633,0.8336633663366337,0.8
02537,0.7865346534653466,0.8168316831683168,0.8666666666666668
02538,0.810891089108911,0.8663366336633663,0.8836633663366337
02539,0.7613036303630363,0.8445544554455446,0.9336633663366337
02540,0.6934323432343235,0.8747524752475246,0.8891089108910892
02541,0.617953795379538,0.7564356435643564,0.7336633663366336
02542,0.7467326732673267,0.9554455445544555,0.8112211221122113
02543,0.8336633663366337,0.8326732673267326,0.8663366336633663
02544,0.8140594059405941,0.9326732673267326,0.8666666666666668
02545,0.8891089108910892,0.9336633663366337,0.9221122112211221
02546,0.9168316831683168,0.8336633663366337,0.8613861386138615
02547,0.8336633663366337,0.9336633663366337,0.8554455445544555
02548,0.9,0.8673267326732674,0.8891089108910892
02549,0.4336633663366337,0.3998349834983498,0.4445544554455446
02550,0.44721208963001563,0.6331683168316831,0.8319471947194719
02551,0.4445544554455446,0.8277227722772278,0.7871287128712872
02552,0.42227722772277226,0.5287623762376238,0.5902787173127251
02556,0.584375,0.6426237623762375,0.7042079207920791
02557,0.5225866336633663,0.6377475247524752,0.7313118811881187
02558,0.5281628162816281,0.6004950495049504,0.6723872387238723
02559,0.5127475247524752,0.44476661951909474,0.6769094766619519
02560,0.8252475247524753,0.8999999999999999,0.8752475247524751
02561,0.8252475247524753,0.9004950495049504,0.8504950495049504
02562,0.75,0.8252475247524752,0.8126237623762376
02563,0.4154496699669967,0.6259783121169259,0.6976237623762376
02564,0.4078217821782178,0.5144404440444044,0.6705799151343705
02566,0.4863628029469613,0.5977341964965728,0.5684553586937642
02567,0.6347153465346533,0.5805830583058306,0.5667079207920791
02568,0.8668316831683168,0.8918316831683168,0.8999999999999999
02569,0.7841584158415841,0.8064906490649064,0.8233223322332233
02570,0.6523212321232124,0.75158248433539,0.744125412541254
02571,0.8589108910891087,0.8728272827282727,0.6249174917491749
02572,0.863036303630363,0.9009900990099009,0.9257425742574256
02573,0.7013201320132012,0.7778877887788779,0.6535124941065534
02574,0.6568322621735857,0.6504212263331596,0.6818339178515265
02575,0.5903248219558798,0.6626688859362126,0.6537678767876788
02576,0.5131781593910306,0.6513940368395813,0.6499245150400265
02583,0.5,0.5834158415841584,0.6252475247524752
02584,0.26072607260726066,0.2971947194719472,0.3932910214098333
02585,0.34233851956624234,0.4887788778877888,0.5624777862401624
02586,0.21553217821782178,0.27270155586987266,0.29306846069222303
02587,0.3608910891089109,0.49884488448844877,0.49512185833968014
02588,0.32347359735973596,0.48448157315731566,0.4635313531353135
02589,0.315517444601603,0.27742678113965247,0.40994149414941494
02590,0.17323559279004824,0.24816338776734814,0.39650027502750274
02591,0.46113861386138616,0.5936093609360936,0.5259282178217822
02592,0.2786138613861386,0.3227245659348543,0.32079149879273644
02593,0.23073432343234324,0.22661979109998912,0.29853933195517346
02594,0.2538366336633663,0.3917326732673267,0.2665166516651665
02595,0.5033333333333333,0.6167216721672167,0.6833333333333332
02598,0.2504950495049505,0.2986431976530986,0.32466846684668466
02599,0.8504950495049505,0.9,0.9
02600,0.45,0.5752475247524752,0.5671617161716171
02601,0.3075866336633663,0.4780940594059405,0.5440511551155115
02602,0.29814356435643563,0.4163066306630663,0.5090346534653465
02603,0.31084608460846086,0.5471004243281471,0.5451045104510451
02604,0.33877887788778877,0.4773817381738173,0.4820050211096643
02605,0.5887788778877888,0.7228571428571429,0.6636588658865886
02606,0.47605198019801975,0.5912939061763319,0.6339006908932652
02607,0.41745049504950493,0.5592821782178217,0.730556238853699
02608,0.65,0.6526685525695427,0.7219471947194719
02609,0.5275370394182275,0.6477447744774477,0.6937293729372938
02610,0.7734323432343234,0.8267326732673267,0.7815993907083015
02611,0.8444554455445543,0.8500000000000001,0.8625914765389583
02612,0.7534824911062533,0.8577322017916078,0.8953465346534653
02613,0.7077086280056577,0.7222772277227723,0.7796793965110795
02614,0.9185148514851484,0.9084158415841584,0.9286367098248285
02615,0.8831683168316831,0.9252475247524752,0.9056105610561056
02616,0.6511551155115511,0.7324092409240924,0.806160616061606
02617,0.4566897689768977,0.6163943894389439,0.6370874587458746
02618,0.48316831683168304,0.5253702557755775,0.5963630363036303
02619,0.5566419141914191,0.5691713814238566,0.6452407740774077
02620,0.6505115511551154,0.7032703270327032,0.774480198019802
02623,0.5068692781062174,0.6521279144043436,0.6589956311204891
02624,0.3482260726072607,0.4526346563227751,0.47932813678225183
02625,0.764131413141314,0.8113861386138612,0.8143328618576142
02626,0.7844884488448844,0.8297029702970296,0.8835808580858084
02627,0.7712871287128711,0.8534653465346533,0.8102722772277227
02628,0.8049504950495048,0.8572650122155071,0.9069306930693067
02629,0.8262376237623761,0.8732673267326732,0.9025577557755775
02630,0.7618811881188118,0.8562706270627061,0.9004950495049504
02631,0.7905115511551154,0.8387788778877886,0.8608910891089108
02632,0.7886138613861384,0.8801980198019801,0.887128712871287
02633,0.8207920792079206,0.8925742574257425,0.9024752475247524
02634,0.8139085337105139,0.8905940594059405,0.8856435643564355
02635,0.7368316831683168,0.8578954049251077,0.8664356435643563
02636,0.7820721357850069,0.7799504950495049,0.8233123312331232
02638,0.7414686468646864,0.7504950495049504,0.7316053748231964
02639,0.7894310859657393,0.8633663366336632,0.8659653465346533
02641,0.4779152915291528,0.5721480843736546,0.42978847884788474
02645,0.5733573357335734,0.7415841584158416,0.7613861386138613
02646,0.2547540468332547,0.47536478922617525,0.6211404473780711
02647,0.20267026702670268,0.36831683168316826,0.5636963696369637
02648,0.3650322175074649,0.30016102709172016,0.440130222324558
02653,0.39394153701084395,0.565450755601876,0.7419141914191418
02654,0.2124003388272462,0.7118078474514119,0.579520883122795
02656,0.5106517794636607,0.6473322332233222,0.5168316831683168
02662,0.7772277227722773,0.8119911991199119,0.8381188118811881
02664,0.9257425742574258,0.9257425742574258,0.8432343234323432
02665,0.9009900990099011,0.969059405940594,0.9381188118811881
02666,0.6655665566556656,0.7544790193305044,0.8029702970297029
02667,0.5947469746974697,0.7466996699669967,0.7187733059020187
02668,0.5442923704135119,0.6115878254492115,0.6272607260726072
02669,0.5923359002566922,0.5513408483705512,0.6753942060872754
02670,0.5482972473071482,0.5915016501650164,0.6115118654722614
02671,0.5527227722772277,0.5704599031331704,0.6035203520352034
02672,0.584103410341034,0.6564356435643564,0.6024033172548023
02673,0.6346534653465347,0.6943894389438943,0.7402090209020903
02674,0.49447194719471943,0.5721815038646721,0.5766133202310276
02675,0.5057745774577457,0.5718823668081093,0.6898316860863805
02676,0.5143642935722142,0.5549531644893811,0.6521298915605845
02677,0.5227722772277227,0.5701909202548161,0.6376426214049976
02678,0.45369270260359357,0.529105767719629,0.5297365048824141
02679,0.41116795012834606,0.43879825547054185,0.478067916681778
02680,0.3220715917745621,0.5083152874110941,0.5569344809938869
02681,0.4308270112725558,0.4757095132590182,0.5095615084932438
02682,0.7666666666666665,0.7999999999999998,0.7999999999999998
02683,0.5113861386138614,0.6612211221122113,0.6674711221122113
02684,0.8046864686468647,0.7691419141914192,0.789108910891089
02685,0.7946094609460945,0.8666666666666666,0.8666666666666666
02686,0.8086468646864686,0.8280292314945777,0.85
02687,0.7957213578500706,0.8467468175388966,0.8290429042904288
02688,0.7815181518151815,0.8679867986798678,0.8807920792079207
02689,0.7082508250825081,0.7858910891089108,0.8094059405940592
02690,0.8113861386138612,0.8613861386138613,0.8793729372937293
02691,0.8757425742574256,0.9087458745874586,0.9004950495049504
02692,0.8589933993399339,0.9025742574257425,0.9126237623762375
02693,0.8753889674681753,0.9066831683168316,0.8834777227722771
02694,0.8553217821782177,0.8963096309630962,0.9128712871287128
02695,0.4420792079207921,0.45049504950495056,0.42524752475247524
02696,0.46905940594059403,0.4814356435643564,0.5
02697,0.42264851485148514,0.6189768976897689,0.47178217821782176
02698,0.46905940594059403,0.5547029702970298,0.5645627062706271
02699,0.4214521452145214,0.6123762376237623,0.5138448844884488
02700,0.4647277227722772,0.6532178217821781,0.6801980198019801
02702,0.402970297029703,0.5781353135313532,0.7378477133427628
02704,0.5052145214521452,0.5687018701870187,0.6045391324846769
02705,0.5072607260726072,0.7059405940594059,0.6400303384375705
02706,0.5141804180418041,0.5468807801109781,0.5447194719471948
02708,0.5747524752475246,0.8769801980198018,0.46699669966996693
02710,0.8045654565456546,0.7935643564356436,0.8097772277227722
02711,0.7485148514851485,0.7190594059405939,0.8597772277227722
02712,0.5841584158415841,0.6795379537953794,0.6597772277227723
02713,0.7535265623336527,0.8599009900990098,0.8222189136206852
02714,0.6689483371414064,0.7655740574057405,0.7006600660066006
02715,0.5217821782178217,0.5689042118497565,0.5421263554926921
02716,0.4468646864686468,0.544031903190319,0.4564238566713814
02717,0.34421525485881915,0.312981298129813,0.3385174506461635
02718,0.30780292314945784,0.35574807480748066,0.35936468646864683
02719,0.3142326732673268,0.35715071507150714,0.40230583058305824
02720,0.2444884488448845,0.3067363403006967,0.4187033031034195
02721,0.2841188118811881,0.30125176803394627,0.31221472844148523
02722,0.3106490649064907,0.3365711307972902,0.31968953323903815
02723,0.34863448844884487,0.4137541254125413,0.47805280528052807
02724,0.31818109230277863,0.34276079781891233,0.3712871287128713
02725,0.4386138613861386,0.4381188118811881,0.3927392739273928
02726,0.3686468646864687,0.4274752475247525,0.4178217821782179
02727,0.28517208863743515,0.33905390539053903,0.3702145214521451
02728,0.2809144009639059,0.3423192319231923,0.39866415212949863
02729,0.29926135470689924,0.36310748721931013,0.38695583844098697
02730,0.4371837183718372,0.37997656908548,0.42018701870187014
02731,0.6276608910891088,0.6481098109810981,0.6638613861386138
02732,0.3011551155115511,0.4358635863586358,0.5017094017094017
02733,0.39686468646864687,0.44397689768976895,0.5101100110011
02734,0.2957462412907957,0.43815548221488815,0.466750260552371
02735,0.24669966996699674,0.36105200582170016,0.49672505712109677
02736,0.24387238723872393,0.40785478547854787,0.5052938627196053
02737,0.16991749174917492,0.36030220669125734,0.4594999499949994
02738,0.1668835454974069,0.32889072240557393,0.3602545968882602
02747,0.8999999999999998,0.8999999999999998,0.9999999999999998
02752,0.9499999999999998,0.9999999999999998,0.9999999999999998
02753,0.9999999999999998,0.9999999999999998,0.9999999999999998
02755,0.8999999999999998,0.8999999999999998,0.8999999999999998
02769,0.5333333333333333,0.9999999999999998,0.85
02776,0.6333333333333332,0.7333333333333332,0.7
02777,0.5333333333333333,0.7999999999999999,0.7999999999999999
02778,0.75,0.7,0.7
02796,0.8999999999999998,0.9999999999999998,0.9999999999999998
02797,0.8999999999999998,0.8999999999999998,0.8999999999999998
02798,0.7999999999999999,0.8999999999999998,0.8999999999999998
02800,0.5029702970297029,0.501980198019802,0.4534653465346533
02801,0.44851485148514847,0.599009900990099,0.6086280056577087
02802,0.7965473470423966,0.853075307530753,0.8752475247524754
02803,0.655021216407355,0.6341584158415842,0.6514851485148514
02823,0.7267326732673267,0.800990099009901,0.7826732673267326
02825,0.571039603960396,0.7514851485148515,0.7118811881188118
02826,0.8999999999999998,0.9999999999999998,0.9999999999999998
02834,0.7499999999999999,0.7749999999999999,0.7999999999999998
02835,0.7999999999999998,0.8499999999999999,0.8999999999999998
02836,0.725,0.7999999999999999,0.7999999999999999
02837,0.5999999999999999,0.7999999999999999,0.7
02843,0.9999999999999998,0.9999999999999998,0.9999999999999998
02845,0.7999999999999999,0.8999999999999998,0.8999999999999998
02846,0.9999999999999998,0.8999999999999998,0.8999999999999998
02847,0.716124469589816,0.5991474147414741,0.7689768976897688
02848,0.8062499999999999,0.825,0.9249999999999998
02849,0.6666666666666665,0.8999999999999999,0.8499999999999999
02850,0.7999999999999998,0.825,0.9499999999999997
02851,0.5833333333333333,0.7249999999999999,0.6999999999999998
02852,0.7999999999999998,0.8499999999999999,0.7999999999999998
02853,0.75,0.8499999999999999,0.8499999999999999
02854,0.8499999999999999,0.75,0.7
02855,0.75,0.8499999999999999,0.75
02856,0.8499999999999999,0.8499999999999999,0.7571428571428571
02857,0.7999999999999999,0.8499999999999999,0.7749999999999999
02858,0.7999999999999998,0.7999999999999998,0.8499999999999999
02859,0.7999999999999998,0.9249999999999998,0.9999999999999998
02860,0.7,0.9499999999999997,0.7999999999999998
02861,0.8599999999999999,0.8999999999999998,0.9499999999999997
02870,0.8495049504950496,0.9,0.9326732673267326
02871,0.9084158415841583,0.9554455445544555,0.9336633663366337
02873,0.8326732673267326,0.9,0.8663366336633663
02874,0.9504950495049505,0.9252475247524753,0.9
02875,0.9,0.9252475247524753,0.9504950495049505
02879,0.6663366336633665,0.7442399534071054,0.783960396039604
02881,0.6475247524752474,0.7966053748231965,0.8242574257425742
02882,0.8510351035103512,0.9,0.8691419141914192
02883,0.7222772277227723,0.8558085808580858,0.8990099009900989
02887,0.49912776991984914,0.7841584158415842,0.6504950495049504
02897,0.6722102567399597,0.7858910891089108,0.7582783278327833
02901,0.5251650165016502,0.5777777777777778,0.5444444444444444
02905,0.6797029702970298,0.9009900990099009,0.8514851485148514
02920,0.5415470297029702,0.6400404284535985,0.7343582036775106
02929,1.0,1.0,1.0
02930,0.9999999999999998,0.9999999999999998,0.9999999999999998
02931,0.9999999999999998,0.9999999999999998,0.9999999999999998
02934,0.7319925742574257,0.7722772277227723,0.721693776520509
02935,0.5062706270627062,0.4759061127787655,0.4138831465564138
02936,0.5313531353135315,0.7055081370205987,0.6585808580858086
02937,0.37990236523652365,0.6448844884488449,0.6318997608625053
02938,0.8999999999999998,0.9999999999999998,0.9999999999999998
02943,0.5308094922395465,0.5892628002283508,0.6656648700584343
02944,0.5024086492682882,0.5258246200668749,0.5476561264006325
02945,0.38102577869858356,0.6080212270510377,0.5790335120073751
02946,0.5276640997433076,0.6452645224872824,0.6997287291754385
02947,0.5764627534181989,0.6385525695426685,0.6884124566302784
02948,0.5839933993399339,0.6465395068918656,0.7027538527065001
02949,0.46113861386138605,0.5106160616061606,0.5091166616661665
02950,0.41307214932019515,0.45391914191419136,0.5509886154871644
02951,0.4388476347634763,0.46477904978163687,0.47225304346870933
02952,0.36714398893470246,0.43587397233582437,0.5172865182551284
02953,0.415014193727065,0.4661823325189661,0.6034272658035034
02954,0.6038425271098539,0.6298608684397851,0.6706537796636806
02955,0.5928859552621929,0.5754145414541453,0.5796369636963696
02956,0.47058804376678265,0.563430882465536,0.5758530507457285
02957,0.2239769385663868,0.3071989103672272,0.2731356339005339
02958,0.32841964965727344,0.4639943374391348,0.48443132551388235
02959,0.39556882158804124,0.45536549190633346,0.6076227622762277
02960,0.5617633191890617,0.6813625410160062,0.7454589030331604
02961,0.29345041647021847,0.5802181646736102,0.5294521862791547
02962,0.2951603319672627,0.4524781154586047,0.42941791576647714
02963,0.4232478783592646,0.5396497318627006,0.5126826968411127
02964,0.4079976747674768,0.4709243174317431,0.5030676792169012
02965,0.3112079880588678,0.5021533675106641,0.5369537555562492
02966,0.31837192985310686,0.448911021028619,0.5454466380704004
02968,0.3442267798208392,0.564721949311636,0.6249576211298802
02970,0.3670889580982203,0.4201358639924434,0.5967742245183617
02971,0.44771287128712867,0.5165304357506378,0.5480889540138375
02972,0.4008250825082507,0.42920792079207915,0.46076732673267323
02973,0.4163366336633664,0.37970297029702965,0.4503300330033002
02974,0.4118811881188118,0.45940594059405937,0.47920792079207913
02975,0.3097359735973597,0.36435643564356435,0.4915841584158416
02976,0.28787128712871285,0.3306930693069307,0.3184158415841584
02987,0.49579207920792073,0.6594766619519093,0.5983910891089109
02988,0.5071782178217821,0.7951791607732202,0.7492574257425743
02989,0.48948609146628935,0.595120226308345,0.7407590759075907
02990,0.7547029702970296,0.6574296715385823,0.7385313531353135
02991,0.6034535596416783,0.7923679867986799,0.8211299701398709
02992,0.6317084411143817,0.7011315417256011,0.7907355021216407
02993,0.4762376237623763,0.6484773477347735,0.6205992658089338
02994,0.7328147100424325,0.7854785478547854,0.7743831526009743
02995,0.8613861386138615,0.8220964953638219,0.7821782178217822
02996,0.6496572734196497,0.7508250825082509,0.6868100603163765
03010,0.3740924092409241,0.5944719471947194,0.4578382838283829
03031,0.21561007452096562,0.5339399654251139,0.60011892354649
03032,0.47993715546168675,0.44133663366336634,0.4077124164084795
03033,0.5700844122873825,0.6340262461205469,0.6740804080408042
03034,0.47878839937203654,0.48977846948574455,0.5218135814874313
03035,0.5333319046190333,0.5178274370594053,0.60102404988398
03036,0.3225208235109225,0.36816278732120317,0.47581958195819585
03037,0.45635863586358644,0.50890622595606,0.5864308654496281
03038,0.2910549675657221,0.2766203485427908,0.38999849389700875
03039,0.36657535396396784,0.40678296401068675,0.39872701555869866
03040,0.27469085023453726,0.39067818546560534,0.459708713898312
03041,0.45378712871287136,0.4838933417151239,0.47103475053387694
03042,0.33539603960396036,0.4252475247524753,0.5176980198019802
03043,0.37184454159701674,0.42658503616319077,0.46225503424402586
03044,0.5013613861386138,0.5158415841584157,0.5638613861386138
03045,0.4483239361672016,0.603645214521452,0.6248788307402168
03046,0.5872547254725472,0.7227379880845227,0.7453370337033703
03048,0.25768658010266315,0.6311692872036099,0.6057086143396948
03049,0.3002059491663452,0.3471286124751471,0.28133738233317884
03050,0.5089593535966499,0.6095545661455709,0.5976824117986028
03051,0.36603692420524103,0.4281144781144781,0.4983256063701608
03052,0.25831079348536357,0.2924621925108112,0.36916907762204787
03053,0.3916427728745725,0.41077447442546444,0.3958831099453647
03054,0.22860455601221852,0.27061144391327,0.2768919820629504
03055,0.36261669024045257,0.45130903846687187,0.472775678629639
03056,0.47166666666666657,0.6028465346534653,0.6491812642802741
03057,0.37277227722772277,0.4367533003300329,0.4027537128712871
03058,0.311923047143424,0.3695466802319329,0.345045218807595
03059,0.21353070170540628,0.36016619519094767,0.41720162576671016
03060,0.3229207920792079,0.39082343234323436,0.4253258527823225
03061,0.36989087480176586,0.4108646281530248,0.4608058305830583
03062,0.4927884615384615,0.5812717258408648,0.6362211221122112
03063,0.2548553332223978,0.38399425594552805,0.43380670419983175
03064,0.3049092409240924,0.4938233293772727,0.45993832734921836
03065,0.21918120383466907,0.28697548326261196,0.30673711601929426
03066,0.28347084708470843,0.40957095709570956,0.4099170686299399
03067,0.19031706742102783,0.2580640179402556,0.31175862091703677
03068,0.1549342880716643,0.32937165882580155,0.35410235122891176
03069,0.18943370527528944,0.28697894789478945,0.34591611542106593
03070,0.11551718586492794,0.28216007025412965,0.323000466713338
03071,0.16594059405940595,0.252352105511303,0.2929369990570485
03072,0.222488213107025,0.3085286385781435,0.3021064249282071
03073,0.173270059148772,0.3201333159631753,0.2842689999453613
03074,0.18022974172417242,0.21844346379618657,0.24139679576224915
03075,0.2476523229246001,0.2638039875416113,0.3034185034353827
03076,0.3161722685426437,0.4632480748074807,0.4690163384470315
03077,0.30666130715635664,0.41090990051386095,0.523625376273891
03078,0.30217821782178217,0.3853324723228626,0.4558228648951852
03080,0.4298679867986798,0.521970768505422,0.5107712053256608
03081,0.35845827439886846,0.442428492849285,0.4419183651386216
03082,0.4385862952654712,0.5235021939693969,0.38271217365639
03084,0.2834158415841585,0.5070132013201321,0.5311881188118812
03087,0.5985277099138484,0.6834833483348335,0.8163366336633663
03088,0.7164741474147414,0.7083558355835582,0.7119006018248883
03089,0.6512199434229138,0.7295379537953796,0.7852002847343557
03090,0.5776874115983026,0.6764026402640263,0.6955445544554455
03091,0.6204290429042904,0.6534722222222222,0.7413934250567913
03092,0.7175388967468175,0.7809995285242808,0.8015205091937765
03093,0.506126041175546,0.5973672785338734,0.6847023946580706
03094,0.6642621404997643,0.6748965372727749,0.7836633663366335
03101,0.5497919357153107,0.6890489048904891,0.644513201320132
03102,0.6514851485148514,0.7267326732673267,0.6816831683168316
03103,0.8669966996699668,0.8919141914191419,0.9168316831683168
03104,0.8833333333333332,0.9666666666666665,0.9417491749174917
03105,0.5876237623762376,0.7473047304730471,0.8083333333333332
03106,0.8948294829482948,0.8401740174017401,0.7507150715071506
03107,0.857068206820682,0.8585808580858085,0.8694719471947193
03108,0.9333333333333332,0.8999999999999999,0.95016501650165
03109,0.894059405940594,0.816030174446016,0.8962816281628162
03110,0.8943894389438943,0.8613861386138613,0.8328052805280527
03111,0.8922442244224421,0.9378712871287129,0.95
03112,0.8195544554455445,0.7881188118811882,0.8004950495049505
03113,0.9314356435643565,0.9102722772277227,0.9597772277227723
03114,0.7353135313531354,0.6896039603960396,0.7463183293119229
03115,0.8336633663366335,0.8440358321546441,0.8666666666666666
03116,0.5662266226622662,0.7691419141914192,0.9044790193305045
03117,0.8,0.856476897689769,0.8874999999999998
03118,0.8111386138613862,0.9209158415841583,0.9104635463546353
03119,0.8874999999999998,0.9208745874587458,0.8749999999999998
03120,0.8834158415841582,0.9314356435643563,0.8752475247524751
03121,0.7759075907590759,0.8307480748074806,0.8169966996699669
03122,0.85016501650165,0.8168316831683168,0.7999999999999999
03123,0.8004950495049504,0.766996699669967,0.8252475247524751
03124,0.9166666666666666,0.9003300330033003,0.8999999999999998
03125,0.7002475247524752,0.8146864686468647,0.8499999999999999
03126,0.8508250825082507,0.8917491749174918,0.9336633663366335
03127,0.8686918691869185,0.8794096076274293,0.8753418198962754
03128,0.7878712871287128,0.8357673267326733,0.8791254125412541
03129,0.85,0.8504950495049505,0.8378712871287128
03130,0.6782178217821783,0.7119990570485619,0.7282178217821782
03131,0.8415841584158416,0.878960396039604,0.878960396039604
03132,0.9003300330033004,0.9128712871287129,0.8957920792079208
03133,0.8420792079207922,0.8337458745874589,0.8363036303630365
03134,0.9,0.8182343234323433,0.8556105610561057
03135,0.7621287128712871,0.7323495811119572,0.7717326732673266
03136,0.8755304101838755,0.8227722772277227,0.8726072607260726
03137,0.8341584158415841,0.8534653465346536,0.8648514851485147
03138,0.9056930693069307,0.8777227722772278,0.9001650165016502
03139,0.8698019801980199,0.8215346534653465,0.9126237623762377
03140,0.7019978783592644,0.6849834983498351,0.7824257425742573
03141,0.8461221122112211,0.8252475247524752,0.9
03142,0.8810891089108912,0.8836633663366336,0.8794554455445545
03143,0.8721122112211221,0.8221122112211221,0.9
03144,0.8626237623762376,0.9126237623762377,0.9252475247524753
03145,0.7752475247524753,0.9004950495049504,0.9
03146,0.9252475247524752,0.8626237623762376,0.9126237623762375
03147,0.9999999999999998,0.9499999999999997,0.9499999999999997
03153,0.5618811881188119,0.6664866486648667,0.7095709570957097
03156,0.5935643564356436,0.7598019801980198,0.8
03157,0.32192362093352195,0.3944550499005945,0.5318181818181819
03158,0.24672324375294669,0.36342134213421345,0.36718034706696473
03166,0.8927392739273928,0.9257425742574258,0.8886138613861385
03167,0.5774257425742573,0.5947194719471948,0.6286138613861385
03168,0.6162376237623762,0.6297029702970298,0.6668935643564357
03169,0.761056105610561,0.9,0.9
03170,0.4547029702970297,0.5261271896420412,0.740680693069307
03171,0.3570957095709571,0.4382956152758133,0.5951485148514852
03172,0.4801980198019802,0.5544554455445544,0.5377337733773377
03173,0.5235148514851484,0.5858085808580858,0.6596534653465346
03174,0.4346534653465346,0.5765676567656766,0.6336633663366337
03175,0.6663366336633664,0.7709900990099011,0.8663366336633663
03176,0.6569306930693071,0.6637623762376238,0.7336633663366336
03177,0.5277227722772277,0.6534653465346535,0.7465346534653465
03178,0.5435643564356435,0.8009900990099009,0.6988448844884488
03179,0.5792079207920793,0.6584158415841586,0.7128712871287128
03180,0.6427098066949553,0.7316831683168317,0.7158415841584158
03181,0.6646754675467547,0.7523102310231026,0.8392739273927392
03182,0.5082036775106082,0.6641352047292644,0.7815181518151816
03183,0.6443234323432344,0.8310608203677511,0.7594413012729845
03184,0.7443729372937293,0.7804125412541254,0.835808580858086
03185,0.679042904290429,0.8113861386138611,0.7966996699669967
03186,0.4334983498349835,0.5066006600660066,0.5452145214521452
03190,0.44066157385956817,0.5727688519767726,0.5319290149272929
03191,0.5000592088946866,0.5600741916296893,0.5269871010010055
03192,0.42974237166462376,0.49436794549961566,0.5165004122629561
03193,0.44966089813453786,0.508803850512457,0.5499460658408847
03194,0.4264442033175748,0.5831383843953797,0.5361064809777683
03195,0.49204248389434835,0.553324924597723,0.587907601833278
03196,0.3880327916394878,0.473246949605372,0.5883243429428701
03197,0.40498545398015634,0.5352136625150095,0.5610913649110205
03198,0.20897884278559437,0.2580209118792327,0.30743268989044165
03199,0.4587490450069766,0.5831118502129564,0.5857920870336479
03200,0.4313981631139739,0.48176207914909136,0.5504653356361278
03201,0.35200862089770385,0.47199326490369026,0.4806751853506316
03202,0.4777231103425679,0.49801989932588003,0.5592880716643093
03203,0.41204689349390355,0.5699665351150499,0.6111402941913625
03204,0.2885335055244655,0.5089024324859522,0.5693791920921779
03205,0.2883570345451534,0.3051201647469897,0.3692991894019795
03206,0.32597240676448597,0.335544394242233,0.5177159909616216
03207,0.23918556374262467,0.41673070411346635,0.5791865564308292
03208,0.2807403544841664,0.4727534538947693,0.4486681507674325
03209,0.4727003991218882,0.41575630874881575,0.4889105236576587
03210,0.4508721295361557,0.5145503263974687,0.5138432649854523
03211,0.5243557020537218,0.5883320271158835,0.5947101453438814
03212,0.1833038540074168,0.538618707178175,0.600482422399407
03213,0.3568405905340762,0.3973389221179516,0.3873782403382487
03214,0.37260412981136626,0.5926835490566601,0.7446094609460946
03215,0.4102551062420839,0.5638035673982477,0.6332950914866412
03216,0.687167009395691,0.8044850939580867,0.7020378186213417
03217,0.6331687355732113,0.7460524313520969,0.7204411543638836
03218,0.6890686274509803,0.7270533477496356,0.7877011977581172
03219,0.4366350659256837,0.4881808923140916,0.5199588701840124
03220,0.4947979271611371,0.5037914108484152,0.5144986591535861
03221,0.29159308036066767,0.35677668506982274,0.47238757211043325
03222,0.4611276879796133,0.5216096341147066,0.5093789268317671
03223,0.18336917013803808,0.25869780684763033,0.46921603677408213
03224,0.3502997172697231,0.41545111477016144,0.6010810232826368
03225,0.17827557755775578,0.27066831683168313,0.5264027965296529
03226,0.2059634123947512,0.48733486928412767,0.6247732218357582
03227,0.22616739986960202,0.5279525497798648,0.6064598250776796
03228,0.4153730757691154,0.6344287452352984,0.6784347006129184
03229,0.579194747205813,0.6640179837605722,0.7014767082034448
03230,0.42276727672767267,0.43732381600529385,0.4566749657421882
03231,0.6242857462863286,0.6828690869086909,0.6719869449999186
03232,0.6795214521452144,0.7579207920792078,0.7887210149586386
03233,0.2493008369159897,0.2822166292259478,0.31789828982898294
03234,0.34955413398482704,0.38368213469698614,0.37275459688826024
03235,0.828052805280528,0.8328932893289329,0.9207920792079207
03236,0.8613861386138613,0.8811881188118811,0.8894389438943895
03237,0.6578657865786579,0.7599009900990099,0.7871287128712872
03238,0.48185997171145684,0.5653465346534653,0.5534653465346535
03246,0.2480989909207731,0.39848611862225725,0.4408257675646048
03248,0.2685965739431086,0.4012985227094138,0.47934140735502123
03253,0.3582036775106082,0.4632983834097696,0.5406835714359612
03254,0.4764438943894389,0.48957074278856455,0.5782355021216408
03260,0.694051905190519,0.7645140212779041,0.7874288857457175
03262,0.5767041127189642,0.6352449110457264,0.6833229394368008
03265,0.38366336633663367,0.5836633663366336,0.6499999999999999
03266,0.4627887788778878,0.6245049504950495,0.8120049504950495
03267,0.36584158415841583,0.4515676567656765,0.6504950495049504
03268,0.573055162659123,0.7,0.7432673267326733
03269,0.7237623762376237,0.8168316831683169,0.8668316831683167
03270,0.5171617161716171,0.6777227722772277,0.7042079207920791
03271,0.6257425742574257,0.7718811881188119,0.7504950495049505
03272,0.777289603960396,0.8504950495049504,0.8257425742574256
03273,0.6079207920792078,0.7826732673267326,0.8045654565456544
03274,0.6408415841584159,0.6630304101838754,0.8058910891089108
03275,0.732128712871287,0.8831683168316831,0.8264356435643564
03276,0.644059405940594,0.7382838283828383,0.6326732673267326
03277,0.7194483734087694,0.717029702970297,0.7316336633663365
03280,0.5744794929408051,0.7287348769720176,0.6322190076150471
03283,0.2948857578065499,0.3742280491785442,0.4992134213421342
03321,0.5065266746454865,0.5517161716171617,0.6896479647964797
03322,0.388036303630363,0.6270271642548871,0.6503850385038504
03323,0.4322607260726071,0.6442244224422444,0.7213021302130214
03324,0.40798593017196455,0.5689388169586189,0.6374046986580192
03325,0.5785605483625287,0.5364356435643564,0.6272607260726073
03326,0.5619401225836871,0.5652447387595901,0.7089816124469591
03327,0.43467232437529457,0.5428217821782179,0.5068316831683168
03328,0.409020902090209,0.5138916952919782,0.5446206141351462
03329,0.5897689768976898,0.6779537953795379,0.7422442244224421
03330,0.458981612446959,0.6044194419441944,0.5719150738603271
03331,0.555115511551155,0.7766336633663367,0.7542269611576542
03332,0.5425742574257426,0.6105940594059406,0.6373267326732673
03334,0.4005186232909005,0.5317491749174917,0.5618202589489718
03335,0.4385431400282885,0.4941074466369867,0.4927784903996472
03336,0.38045968882602543,0.3286303630363036,0.45487977369165494
03337,0.433946251768034,0.5302640264026401,0.5583777608530084
03338,0.43003300330033,0.5044554455445545,0.5076627662766275
03339,0.2825082508250825,0.35278465346534654,0.49718440594059404
03340,0.25663366336633664,0.4515676567656765,0.537803952809074
03341,0.15684818481848187,0.20722322232223225,0.24326732673267326
03342,0.2517432814710042,0.23247289014615752,0.2636056105610561
03343,0.1547854785478548,0.17495049504950494,0.2265948844884488
03344,0.1570957095709571,0.19584158415841585,0.21774377437743775
03345,0.16524045261669024,0.16006600660066006,0.21819306930693066
03346,0.15985384252710982,0.25110390349379763,0.27648514851485145
03370,0.5637788778877887,0.6577900647207577,0.697947015257016
03371,0.44557441458431546,0.5391766545075559,0.586488060570763
03372,0.4064141196728368,0.42926231662575126,0.5220522200003251
03373,0.36187103325717185,0.4299461525099878,0.48858010801080115
03374,0.2911037971929061,0.3490208738101662,0.4242736035769982
03375,0.47599402797422596,0.3814988807842886,0.46521761551155116
03376,0.2531972212088694,0.4444440251894708,0.514098909162261
03377,0.18841087627446657,0.4081580636427016,0.35335100998142455
03378,0.2402273435072976,0.3363256763010682,0.413985917578693
03379,0.23500160620627777,0.3429113910272987,0.4072219383714183
03380,0.3626691627345864,0.3479828061835177,0.42509502125817517
03381,0.23802279546954813,0.3520760479475028,0.46073424668345175
03382,0.2800544144293859,0.33461871062055176,0.46978357100029855
03383,0.25970478319812906,0.27928341878865776,0.43992180690860305
03384,0.2897146060759922,0.3612804034197293,0.46281824506489155
03385,0.23360588987076664,0.33427795938013405,0.41537773403222555
03386,0.2241099456369128,0.3991654560317447,0.40807156993678595
03387,0.280420362666218,0.4618126315076211,0.5014919186390333
03388,0.3405415734828504,0.4585662311417278,0.504936088312441
03389,0.33184975895712365,0.5089535253348629,0.6104053941193343
03390,0.29724469400577347,0.4251033529519175,0.44419118025306836
03391,0.2513219479321334,0.275923841763829,0.40750960450779655
03392,0.3132569491851262,0.42267164142698305,0.5008345557552272
03393,0.2970144849939013,0.35117826586885237,0.46640055097255056
03394,0.3643671954864953,0.4466321308118717,0.5406590255034638
03395,0.2626731913265768,0.369560656248761,0.3763841122425244
03396,0.3000075488867568,0.35051284107589475,0.332116954917557
03397,0.23956564168485694,0.39230363288769915,0.3888005934461654
03398,0.18526538448965343,0.34720761904620273,0.33839616573522435
03399,0.2979123226425206,0.32832860059188873,0.404465770830868
03400,0.2533254872037757,0.3571118377732926,0.38569734913532244
03401,0.1881343807248049,0.18571491390876826,0.25473810064638014
03402,0.1357580751192528,0.324269970329308,0.2574138132848868
03425,0.19155004009569804,0.2671293816405194,0.3106506864277394
03426,0.399837264832474,0.4665101855013088,0.4186394379856104
03428,0.7966996699669966,0.8446644664466445,0.886963696369637
03432,0.6684213421342133,0.8024752475247524,0.8049408690869087
03436,0.3936979412226936,0.42912975508077117,0.44554455445544544
03437,0.8479672967296727,0.9139438943894389,0.9422772277227722
03438,0.30257821083446584,0.39810684102326493,0.46081954281797954
03441,0.3844790681338515,0.42784356867059253,0.5579854349219521
03442,0.22215645165664347,0.21358735174462384,0.33350461663081726
03443,0.2448844884488449,0.28314901237744305,0.3275070072224614
03444,0.5441584158415841,0.762871287128713,0.7001237623762376
03447,0.7493988864483345,0.7845795829582958,0.841864311431143
03448,0.7082787480428715,0.7765346534653466,0.8714436917188808
03455,0.2853849113902987,0.3977057589479879,0.4334621983230249
03456,0.28641830663280743,0.34477075118240125,0.4146826516938541
03457,0.2807470211306845,0.43711169228577074,0.5103077974248621
03459,0.30000714972975123,0.4374745684333352,0.36403111922913906
03462,0.38818206175787257,0.5766880608071955,0.49399437953525566
03463,0.3405984859601871,0.41281509144688505,0.4735389198260485
03476,0.5923212321232124,0.6179475632292294,0.7381868186818682
03487,0.8834983498349834,0.9085808580858085,0.9168316831683168
03488,0.875082508250825,0.9417491749174917,0.95016501650165
03489,0.9334983498349834,0.8945269526952696,0.95016501650165
03503,0.48069306930693073,0.6912022630834513,0.7673267326732673
03509,0.75,0.8097209720972096,0.8990099009900989
03511,0.698184818481848,0.7262376237623762,0.7924092409240922
03514,0.6859185918591859,0.8514851485148516,0.7762376237623763
03521,0.843303804064617,0.8774257425742574,0.8174681753889674
03524,1.0,0.9504950495049505,0.9504950495049505
03525,0.5326732673267328,0.5168316831683168,0.5091809180918092
03526,0.6434380829387287,0.7234794908062235,0.6503884234577303
03527,0.38168098869227046,0.6005517001831824,0.7060242190661481
03537,0.24315067770513318,0.33599062786462974,0.3555625180458245
03538,0.25082858285828585,0.3660816438786736,0.41044579389257607
03539,0.211013817865303,0.39034985175536185,0.41509175524318215
03540,0.3044285752104622,0.4695639756283321,0.5726793233510542
03551,0.7354987672680311,0.734116411641164,0.765325179576781
03552,0.4066221538120198,0.48196439204359987,0.5194435276861019
03553,0.15691069983009082,0.3250026252625262,0.2576416624286477
03556,0.512141547488082,0.6157398239823982,0.6815681392700673
03558,0.3179669355824471,0.463885511197853,0.5095364996269742
03559,0.2880262721055679,0.4255039069069815,0.546889534580954
03560,0.3706387523421462,0.5468341533518628,0.608961181832469
03561,0.6516708978382235,0.6344759611096245,0.7979832021663705
03562,0.6107110711071106,0.828071845646103,0.7719013568023468
03563,0.5053180977438403,0.7041763319189062,0.7486038425271099
03564,0.5893031803180317,0.6362320705754786,0.6252429229234521
03565,0.5468122347949081,0.7774720741304899,0.821012101210121
03567,0.5549832417452272,0.6444890381895332,0.7016914768399917
03570,0.41489301943776713,0.5180415865725407,0.5953491228932041
03583,0.45127658939363324,0.6474659174531419,0.7069526952695269
03587,0.6069838611768154,0.7414005277698985,0.7730423042304229
03588,0.5106903164639526,0.7297304730473048,0.7463921119809603
03592,0.4124247508176486,0.613396172714282,0.6186167847553986
03593,0.48514819128971715,0.6109853831861604,0.6647029457813244
03594,0.44496262359155164,0.5509846932495447,0.5776721007040617
03601,0.4320520600447142,0.5949887822541845,0.65408629372254
03602,0.4473446468052135,0.5908088407778568,0.7132778636302831
03603,0.4588870463371903,0.6318758329321305,0.6835657731195762
03607,0.7003300330033002,0.7717114568599716,0.7570682068206821
03609,0.8004950495049504,0.7752475247524753,0.6811999057048561
03613,0.41316566161457646,0.4355364107839355,0.5607148297247307
03628,0.28674355144126346,0.4043610872843468,0.5675751477323988
03629,0.46419044520631064,0.497284637739792,0.6989425146528031
03634,0.43362634340357115,0.5945012215507264,0.7170339069621248
03642,0.4239836656476707,0.5899354779369339,0.5654526166902405
03643,0.29901688581556574,0.4632743787199232,0.3671195698165135
03644,0.34090427028259707,0.5109232744791204,0.5917079043891414
03645,0.40510540561397423,0.5454437122577527,0.6252824753745697
03646,0.43902417768171986,0.6086541557532864,0.6683621695502883
03647,0.4093674829786147,0.5513507952768572,0.5004461792333078
03648,0.46703136391039957,0.6630051738985725,0.6469449928098281
03649,0.45920188498875314,0.6076579363652072,0.6621555505753004
03650,0.6010722143642936,0.6108853549447609,0.7001376968348123
03651,0.4403104355122868,0.5957658090739045,0.5857194687950257
03652,0.3962439313422166,0.5398992752404501,0.6458771359903995
03657,0.4656072141933098,0.5427814003475084,0.6347328173912944
03658,0.5590349894717979,0.7018459556105275,0.6579527286108479
03659,0.5463194539737196,0.708882455259762,0.7070063625967627
03660,0.6106221119910314,0.6815776411604951,0.7103656478564275
03669,0.5021175153229609,0.6114296524190235,0.6844388765407152
03670,0.5064882202505965,0.5057183377678427,0.5488878644703375
03673,0.39318010372465817,0.5783228189491444,0.5780475644865992
03674,0.4021900047147572,0.6293699740272742,0.6729192310725128
03675,0.3121646326123296,0.6398141779334727,0.5820788176524294
03689,0.32641744943725143,0.35337871681905025,0.42178779038130976
03690,0.6356976749055956,0.7489080562191557,0.7646605863244131
03696,0.3624713700914541,0.4353843827492498,0.4839782761559518
03697,0.16705265306750455,0.22550442560247497,0.2608698547614246
03698,0.2934784667865623,0.4378626600539821,0.5373783601270343
03699,0.377539112965286,0.5570879440885266,0.5821975238741421
03707,0.5432508664400274,0.6187430340778438,0.6140176036834452
03708,0.5690240766584982,0.6389281785321389,0.6364760916096276
03709,0.5877695269526951,0.6957276904161004,0.7338890348429107
03710,0.5757629567304556,0.699659600575442,0.6710686782964009
03711,0.5475687568756875,0.5663525006346787,0.5934075907590759
03712,0.5682068206820682,0.6661386138613861,0.6596919691969196
03713,0.6171617161716171,0.7428335690711928,0.7118403646384704
03714,0.5310072554874534,0.5457312984045656,0.5533068783068783
03715,0.4905775723460939,0.5405909162344805,0.5398306789534052
03716,0.40422268542643736,0.3891000707213579,0.5126221144125085
03717,0.2846023278798468,0.3620561163259183,0.39847030307426345
03718,0.2543847241867044,0.25173934686701754,0.37889858252428205
03719,0.3381371470480381,0.28823044209182824,0.39034771334276286
03720,0.16408052996881692,0.2643718619982299,0.33952407145476454
03721,0.7554455445544555,0.8752475247524751,0.8876237623762376
03722,0.7867436743674365,0.8626237623762376,0.95
03723,0.7626237623762375,0.9004950495049504,0.8004950495049503
03724,0.8499999999999999,0.8450495049504949,0.9626237623762375
03725,0.8752475247524751,0.8749999999999999,0.8716171617161714
03726,0.9126237623762375,0.9333333333333331,0.9009900990099009
03727,0.8584158415841583,0.8666666666666666,0.9126237623762375
03728,0.8504950495049504,0.8999999999999999,0.8823196605374822
03729,0.8999999999999999,0.8504950495049504,0.8752475247524751
03730,0.8417491749174917,0.8504950495049504,0.866996699669967
03731,0.9252475247524752,0.8752475247524751,0.8710396039603959
03732,0.8626237623762375,0.8667491749174917,0.8999999999999999
03733,0.856559405940594,0.9126237623762375,0.95
03734,0.8459570957095708,0.9315594059405939,0.9252475247524752
03735,0.8531559405940593,0.8499999999999999,0.7590759075907589
03736,0.8626237623762376,0.9126237623762375,0.8583333333333333
03737,0.8629950495049504,0.8428217821782178,0.9752475247524751
03738,0.9499999999999997,0.8499999999999999,0.9124999999999999
03739,0.9999999999999998,0.9999999999999998,0.9999999999999998
03740,0.7999999999999999,0.75,0.7999999999999999
03749,0.4386138613861386,0.48886138613861385,0.46148514851485145
03760,0.9,0.9361386138613861,0.8673267326732674
03761,0.8095709570957097,0.7946369636963695,0.8296558227251297
03770,0.3975777934936351,0.3865511551155116,0.550990099009901
03777,0.9422442244224423,0.9504950495049505,0.9257425742574258
03778,0.9064356435643564,0.9336633663366337,0.9252475247524753
03779,0.869059405940594,0.9,0.9
03780,0.9336633663366337,0.8948019801980198,0.9546204620462045
03781,0.9422442244224423,0.9336633663366337,0.9504950495049505
03782,0.9752475247524753,0.9752475247524753,0.9564356435643564
03783,0.9195544554455445,0.9504950495049505,0.969059405940594
03784,0.9252475247524753,0.9128712871287128,0.9336633663366337
03792,0.9628712871287128,1.0,0.9752475247524753
03793,0.8633663366336632,0.9009900990099009,0.859075907590759
03794,0.9628712871287128,0.969059405940594,0.9422442244224423
03795,0.9422442244224423,0.9422442244224423,0.9252475247524753
03796,0.957095709570957,0.9752475247524753,0.9752475247524753
03797,0.9752475247524753,0.9252475247524753,1.0
03798,0.9653465346534654,0.9752475247524753,0.9628712871287128
03799,0.9381188118811881,0.9174917491749175,0.9257425742574256
03800,1.0,0.9628712871287128,1.0
03801,0.9564356435643564,0.9628712871287128,1.0
03802,0.9504950495049505,0.9252475247524753,0.9504950495049505
03803,0.9336633663366337,0.969059405940594,1.0
03804,1.0,0.9752475247524753,0.969059405940594
03805,1.0,1.0,1.0
03806,0.9752475247524753,0.9422442244224423,0.9564356435643564
03807,0.9422442244224423,0.9422442244224423,0.9252475247524753
03808,0.9009900990099011,0.9257425742574258,0.8381188118811881
03809,0.9504950495049505,0.9381188118811881,0.9381188118811881
03810,0.6881353135313532,0.6513201320132013,0.6156824611032532
03811,0.8373762376237623,0.9257425742574257,0.9190594059405939
03812,0.6944737605628695,0.787128712871287,0.7844884488448844
03813,0.8051980198019801,0.8798679867986798,0.8198019801980199
03814,0.9092409240924091,0.8540841584158416,0.8342079207920792
03815,0.878111739745403,0.8920792079207921,0.9056105610561056
03816,0.9356435643564357,1.0,0.9628712871287128
03817,0.969059405940594,1.0,0.9752475247524753
03818,0.9628712871287128,1.0,0.9752475247524753
03819,0.9085808580858086,0.9752475247524753,0.969059405940594
03820,0.8174917491749174,0.8452970297029703,0.8193069306930691
03821,0.962871287128713,0.9752475247524753,0.9628712871287128
03822,1.0,1.0,1.0
03826,0.7777227722772277,0.8508663366336633,0.8778877887788779
03827,0.8666666666666667,0.771039603960396,0.8831683168316832
03828,0.9626237623762377,0.9225247524752476,0.9376237623762377
03829,0.7422442244224422,0.8504950495049505,0.8504950495049505
03830,0.7922442244224422,0.9334158415841584,0.9004950495049504
03831,0.8338283828382838,0.8626237623762376,0.8757425742574256
03832,0.8504950495049505,0.9252475247524752,0.9752475247524752
03833,0.6908769448373409,0.7357673267326732,0.7487623762376237
03834,0.75,0.7004950495049505,0.800990099009901
03835,0.7331683168316832,0.7475247524752475,0.7571782178217822
03836,0.8102860286028603,0.8438643864386438,0.8584158415841584
03837,0.7376237623762376,0.7932673267326733,0.8915841584158415
03838,0.6759900990099009,0.818019801980198,0.845957095709571
03839,0.728019801980198,0.829817892503536,0.9021039603960397
03840,0.6904036557501904,0.773927392739274,0.8415841584158417
03841,0.7391089108910891,0.8257425742574257,0.9004950495049504
03842,0.7377887788778879,0.9,0.9252475247524752
03843,0.7076732673267327,0.8,0.8796204620462047
03844,0.7672937293729373,0.7568069306930693,0.7982673267326732
03845,0.6514851485148514,0.7841584158415841,0.7725412541254124
03846,0.7257425742574257,0.8626237623762376,0.8752475247524752
03847,0.717986798679868,0.8056105610561056,0.8541254125412541
03848,0.5571617161716171,0.8054455445544555,0.8
03849,0.7866336633663366,0.8005657708628006,0.8236798679867987
03850,0.7167079207920792,0.8563975628332063,0.8331683168316831
03874,0.7112057664099742,0.740012131267035,0.72513358478705
03875,0.5820781326252925,0.7584708470847085,0.6678517851785178
03876,0.660470650239627,0.7218203248896318,0.7733325475404683
03877,0.7504505336023187,0.8833686940122583,0.8130741739393127
03878,0.6668464624240201,0.7862275394206087,0.8254636177903505
03879,0.6770381381845687,0.8058623170009308,0.8198114097123997
03880,0.6813435157469234,0.6964596736171312,0.7548097317506993
03881,0.7502121640735501,0.7862257608249305,0.7754029249078753
03882,0.7179960853228179,0.802742185983304,0.8246704794703072
03883,0.7736867184886985,0.7946828016134946,0.799397834520294
03884,0.784464001955751,0.7765888897888091,0.7710029336266958
03885,0.8301303779026551,0.905280528052805,0.8607884524716208
03886,0.8098702947217798,0.8371676096181044,0.8153490349034902
03887,0.8377137713771375,0.8588943894389437,0.9207260726072605
03888,0.8963696369636963,0.9333333333333331,0.9240374037403739
03889,0.7789517523180889,0.8152937293729372,0.8086468646864686
03890,0.8293729372937292,0.824119911991199,0.8872937293729372
03891,0.9168316831683168,0.862156215621562,0.9168316831683166
03892,0.9666666666666665,0.9083333333333332,0.9666666666666665
03893,0.8999999999999999,0.9333333333333332,0.8999999999999999
03894,0.8999999999999998,0.8666666666666666,0.8111111111111109
03895,0.738095238095238,0.8499999999999998,0.8833333333333332
03896,0.9499999999999997,0.9999999999999998,0.9999999999999998
03897,0.9499999999999997,0.9499999999999997,0.9499999999999997
03898,0.8999999999999999,0.8999999999999999,0.8999999999999999
03899,0.8999999999999999,0.8999999999999999,0.8999999999999999
03900,0.9999999999999998,0.9999999999999998,0.9999999999999998
03901,0.9999999999999998,0.9999999999999998,0.9499999999999997
03902,0.9999999999999998,0.9999999999999998,0.9499999999999997
03903,0.9999999999999998,0.9999999999999998,0.9999999999999998
03904,0.9499999999999997,0.9499999999999997,0.8999999999999999
03905,0.9999999999999998,0.9999999999999998,0.9999999999999998
03906,0.9499999999999997,0.9499999999999997,0.9499999999999997
03907,0.9999999999999998,0.9999999999999998,0.9999999999999998
03908,0.9999999999999998,0.9999999999999998,0.9999999999999998
03909,0.9499999999999997,0.9999999999999998,0.9999999999999998
03910,0.9999999999999998,0.9999999999999998,0.9999999999999998
03911,0.9999999999999998,0.9999999999999998,0.9999999999999998
03912,0.9999999999999998,0.9999999999999998,0.9999999999999998
03913,0.9499999999999997,0.9999999999999998,0.9999999999999998
03914,0.9499999999999997,0.9499999999999997,0.9499999999999997
03915,0.9999999999999998,0.9499999999999997,0.9499999999999997
03916,0.9999999999999998,0.9999999999999998,0.9999999999999998
03917,0.9999999999999998,0.9999999999999998,0.9999999999999998
03918,0.9499999999999997,0.9499999999999997,0.9499999999999997
03919,0.9499999999999997,0.9499999999999997,0.9499999999999997
03920,0.9999999999999998,0.9999999999999998,0.9999999999999998
03921,0.9499999999999997,0.9499999999999997,0.9499999999999997
03922,0.9999999999999998,0.9999999999999998,0.9999999999999998
03923,0.9999999999999998,0.9999999999999998,0.9999999999999998
03924,0.9499999999999997,0.9499999999999997,0.9499999999999997
03925,0.9499999999999997,0.9999999999999998,0.9999999999999998
03926,0.9999999999999998,0.9999999999999998,0.9999999999999998
03927,0.9999999999999998,0.9499999999999997,0.9499999999999997
03928,0.9999999999999998,0.9999999999999998,0.9999999999999998
03929,0.9999999999999998,0.9999999999999998,0.9999999999999998
03930,0.7999999999999998,0.8333333333333334,0.8333333333333334
03931,0.8833333333333332,0.9999999999999997,0.9999999999999997
03932,0.7999999999999998,0.8777777777777777,0.8166666666666665
03933,0.9666666666666665,0.9499999999999997,0.9666666666666665
03934,0.9499999999999997,0.9666666666666665,0.9499999999999998
03935,0.9499999999999997,0.9499999999999997,0.9499999999999997
03936,0.9499999999999997,0.8999999999999999,0.9499999999999997
03937,0.9499999999999997,0.8999999999999999,0.8999999999999999
03938,0.9999999999999998,0.9999999999999998,0.9499999999999997
03939,0.9499999999999997,0.9499999999999997,0.9499999999999997
03940,0.9499999999999997,0.9499999999999997,0.9499999999999997
03944,0.8166666666666665,0.8833333333333332,0.9083333333333332
03945,0.7999999999999998,0.8999999999999999,0.9249999999999998
03951,0.8499999999999999,0.8999999999999998,0.8499999999999999
03956,0.9999999999999998,0.8999999999999998,0.8999999999999998
03990,0.9499999999999997,0.9999999999999998,0.9999999999999998
03991,0.8999999999999998,0.9999999999999998,0.9499999999999997
03992,0.8999999999999998,0.9999999999999998,0.9499999999999997
03993,0.8999999999999998,0.8999999999999998,0.9499999999999997
03994,0.9999999999999998,0.9499999999999997,0.9499999999999997
03995,0.9499999999999997,0.9499999999999997,0.9499999999999997
03996,0.9999999999999998,0.9499999999999997,0.9999999999999998
03997,0.9166666666666665,0.9499999999999997,0.8499999999999999
03998,0.8999999999999998,0.9499999999999997,0.9499999999999997
03999,0.9999999999999998,0.9999999999999998,0.9499999999999997
04000,0.8499999999999999,0.8999999999999998,0.9999999999999998
04001,0.8999999999999999,0.9499999999999997,0.9999999999999998
04002,0.8999999999999999,0.9499999999999997,0.9499999999999997
04003,0.9249999999999998,0.9249999999999998,0.9249999999999998
04004,0.7375,0.9499999999999997,0.9124999999999999
04005,0.8499999999999999,0.8999999999999998,0.9499999999999997
04006,0.8666666666666665,0.8999999999999998,0.8
04007,0.9499999999999997,0.9499999999999997,0.8999999999999999
04029,0.8186798679867986,0.9085808580858086,0.8982260726072607
04030,0.8957920792079208,0.8957920792079208,0.9277227722772278
04031,0.770049504950495,0.8280198019801981,0.863036303630363
04032,0.8242574257425743,0.8251485148514852,0.7926567656765677
04033,0.6962046204620462,0.7643310484894643,0.7574257425742574
04034,0.7153465346534653,0.7292079207920793,0.7597359735973597
04035,0.9504950495049505,0.902970297029703,0.9117161716171617
04036,0.8470544554455446,0.9361386138613861,0.92009900990099
04037,0.8153465346534654,0.8747524752475246,0.8995049504950494
04038,0.8784653465346535,0.8168316831683168,0.8995049504950494
04039,0.8722772277227723,0.9058910891089109,0.9029702970297031
04040,0.8834158415841584,0.9173267326732673,0.9089108910891088
04041,0.9143069306930693,0.9376237623762377,0.9418316831683169
04042,0.9068481848184817,0.9749999999999999,0.904207920792079
04043,0.9663366336633663,0.9554455445544555,0.9442244224422442
04044,0.9331683168316832,0.9663366336633663,0.9168316831683168
04045,0.9442244224422442,1.0,1.0
04046,0.7924257425742575,0.8084158415841585,0.863861386138614
04047,0.8554455445544555,0.8876237623762376,0.8957920792079208
04048,0.8773514851485149,0.8919141914191419,0.8420792079207922
04049,0.8398868458274398,0.8739108910891089,0.7863861386138613
04050,0.7913366336633664,0.8558823529411765,0.8805280528052806
04051,0.8726072607260726,0.8504950495049505,0.8808580858085808
04052,0.7361386138613861,0.8737623762376237,0.8096122112211221
04053,0.8074257425742575,0.8480198019801981,0.8336633663366336
04054,0.575,0.9475247524752475,0.95
04055,0.9128712871287128,0.9128712871287128,0.9252475247524753
04056,0.6644664466446645,0.7673267326732673,0.7996001523229246
04060,0.8831683168316831,0.9584158415841583,0.9999999999999999
04061,0.8546204620462046,0.9002475247524753,0.9128712871287128
04062,0.7828147100424327,0.8564356435643564,0.888118811881188
04063,0.9277227722772277,0.9331683168316831,0.9331683168316831
04064,0.7833333333333333,0.8999999999999999,0.9331683168316831
04065,0.6612348734873488,0.6376237623762376,0.65
04066,0.7792904290429044,0.9190594059405939,0.8542904290429043
04067,0.7032178217821781,0.8064356435643564,0.8042904290429043
04068,0.8331683168316831,0.7887238723872387,0.8277227722772278
04069,0.946039603960396,0.9752475247524753,0.9257425742574258
04070,0.9369636963696368,0.9801980198019802,1.0
04071,0.8103960396039603,0.8393564356435643,0.8244224422442243
04072,0.7823432343234323,0.7514356435643563,0.6877475247524751
04073,0.7971534653465346,0.8376237623762377,0.9285478547854784
04074,0.9257425742574258,0.9752475247524753,0.9422442244224423
04075,0.9009900990099011,0.9504950495049505,0.9504950495049505
04076,0.9356435643564357,0.969059405940594,0.969059405940594
04077,0.8819306930693068,0.9546204620462045,0.9564356435643564
04078,0.9504950495049505,0.9257425742574258,0.9257425742574258
04079,0.9084158415841583,0.9663366336633663,0.9336633663366337
04080,0.9865346534653465,0.9554455445544555,1.0
04081,0.9579207920792079,0.9663366336633663,0.9663366336633663
04082,0.9663366336633663,0.9168316831683168,0.9336633663366337
04083,0.8841584158415842,0.8927392739273927,0.8633663366336635
04084,0.8881188118811881,0.8881188118811881,0.933993399339934
04085,0.969059405940594,0.9128712871287128,0.9504950495049505
04086,0.9752475247524753,1.0,0.9752475247524753
04087,0.9442715700141443,0.9381188118811881,0.9252475247524753
04088,0.8816831683168317,0.9252475247524753,0.9252475247524753
04089,0.9252475247524753,0.9227722772277227,0.9752475247524753
04090,0.9950495049504952,0.9381188118811881,0.9564356435643564
04091,0.9504950495049505,0.969059405940594,0.969059405940594
04092,0.9504950495049505,1.0,0.969059405940594
04093,1.0,1.0,1.0
04094,0.9807637906647807,0.9663366336633663,1.0
04095,0.8663366336633663,0.9663366336633663,0.9112211221122113
04096,0.9663366336633663,0.9554455445544555,1.0
04097,0.9554455445544555,0.9442244224422442,0.9663366336633663
04098,0.9336633663366337,0.8891089108910892,0.8831683168316831
04099,0.9326732673267326,0.910891089108911,0.9579207920792079
04100,0.9999999999999998,0.9999999999999998,0.9999999999999998
04101,0.8999999999999998,0.8999999999999998,0.8999999999999998
04102,0.8999999999999998,0.8999999999999998,0.9999999999999998
04103,0.9999999999999998,0.8999999999999998,0.85
04104,0.9999999999999998,0.9999999999999998,0.9999999999999998
04109,0.9999999999999998,0.9999999999999998,0.9999999999999998
04110,0.9999999999999998,0.9999999999999998,0.9499999999999998
04112,0.7400990099009901,0.8361386138613861,0.7166666666666667
04113,0.7697131251586697,0.8231023102310231,0.9096534653465345
04114,0.8501650165016501,0.7554455445544553,0.7752475247524752
04115,0.7277227722772277,0.9125,0.7833333333333333
04116,0.9049504950495049,0.889108910891089,0.9207920792079207
04117,0.933993399339934,0.9389438943894388,0.9458745874587459
04118,0.9498349834983498,1.0,0.9722772277227723
04119,0.9287128712871286,0.9641584158415842,0.9389438943894388
04120,0.893069306930693,0.8914191419141912,0.9029702970297029
04121,0.9524752475247524,0.9762376237623762,0.9762376237623762
04122,0.9524752475247524,0.9277227722772278,0.9366336633663366
04123,0.9524752475247524,0.9221122112211221,0.9603960396039604
04124,0.9405940594059405,0.9306930693069306,0.933993399339934
04125,0.8597359735973595,0.7880480905233378,0.7821782178217822
04126,0.9257425742574258,0.8445544554455445,0.9257425742574258
04127,0.8445544554455445,0.7966996699669967,0.8504950495049505
04128,0.8762376237623762,0.8454455445544555,0.8336633663366337
04155,0.9999999999999998,0.9999999999999998,0.9999999999999998
04158,0.9135130179684635,0.9666666666666667,0.9611661166116612
04159,0.9364136413641364,0.9666666666666667,0.9209570957095708
04160,0.9037403740374037,0.8932343234323431,0.8688118811881186
04161,0.9030803080308031,0.9419141914191419,0.8731848184818481
04162,0.875082508250825,0.875082508250825,0.8566831683168316
04163,0.9254125412541253,0.9453520352035203,0.9128712871287128
04164,0.9333333333333332,0.9666666666666667,0.9230198019801978
04165,0.9,0.9336633663366336,0.9676842684268426
04166,0.8364136413641364,0.8647689768976896,0.8627062706270626
04167,0.8770764576457646,0.9501650165016501,0.9168316831683168
04168,0.7962596259625961,0.8999999999999999,0.9398514851485147
04169,0.7573157315731572,0.9006600660066005,0.8893289328932893
04170,0.9333333333333332,0.9333333333333332,0.8999999999999999
04171,0.7834983498349835,0.8666666666666666,0.9333333333333332
04172,0.7038687202053538,0.7999999999999999,0.8917491749174916
04173,0.5861633663366337,0.6573019801980198,0.7064356435643564
04174,0.5803394625176804,0.6805280528052805,0.6834158415841584
04175,0.6489038189533238,0.7407178217821782,0.7860148514851484
04176,0.5704207920792078,0.8079702970297029,0.7794554455445545
04177,0.7087635549269213,0.7821782178217821,0.8539603960396039
04178,0.7917491749174919,0.8004950495049505,0.862871287128713
04179,0.8007013201320132,0.8422442244224424,0.8316831683168316
04180,0.7448844884488448,0.8324257425742574,0.8254950495049505
04185,0.9314768976897689,0.95,0.95
04186,0.9252475247524752,0.9626237623762375,0.9252475247524752
04187,0.7666666666666666,0.6499999999999999,0.7249999999999999
04188,0.7499999999999998,0.7999999999999998,0.8499999999999999
04189,0.8499999999999999,0.9499999999999997,0.9499999999999997
04190,0.9499999999999997,0.9999999999999998,0.9249999999999998
04191,0.8499999999999999,0.8999999999999999,0.8999999999999999
04192,0.825,0.9169966996699669,0.8209158415841583
04193,0.8034740316136876,0.8999999999999999,0.8626237623762375
04194,0.7664780763790664,0.8004950495049503,0.7084158415841584
04195,0.8566831683168317,0.8785478547854785,0.8752475247524751
04196,0.7432343234323431,0.788036303630363,0.6089933993399339
04197,0.8004950495049503,0.8504950495049504,0.8752475247524751
04198,0.5254950495049504,0.800990099009901,0.6726072607260726
04199,0.6004950495049505,0.7308580858085807,0.6767326732673267
